# mRange,cKinked,cIRA,period
-5.715649060472480780e-01,0.000000000000000000e+00,0.000000000000000000e+00,1.500000000000000000e+01
-5.615649060472480691e-01,9.243743989123321889e-03,8.311048199345062726e-03,1.500000000000000000e+01
-5.515649060472480603e-01,1.837203820300390561e-02,1.754554619861723938e-02,1.500000000000000000e+01
-5.415649060472480514e-01,2.744542601944083282e-02,2.673606368873291880e-02,1.500000000000000000e+01
-5.315649060472480425e-01,3.651881383587776697e-02,3.582404076295528372e-02,1.500000000000000000e+01
-5.215649060472480336e-01,4.559220165231469418e-02,4.491201783717765211e-02,1.500000000000000000e+01
-5.115649060472480247e-01,5.466558946875162833e-02,5.399999491140002050e-02,1.500000000000000000e+01
-5.015649060472480159e-01,6.373897728518855554e-02,6.308797198562238195e-02,1.500000000000000000e+01
-4.915649060472480070e-01,7.281236510162548969e-02,7.217594905984474341e-02,1.500000000000000000e+01
-4.815649060472479981e-01,8.188575291806240997e-02,8.126392613406710486e-02,1.500000000000000000e+01
-4.715649060472479892e-01,9.095914073449933024e-02,9.035190320828948018e-02,1.500000000000000000e+01
-4.615649060472479803e-01,1.000325285509362644e-01,9.943988028251182776e-02,1.500000000000000000e+01
-4.515649060472479714e-01,1.091059163673731847e-01,1.085278573567341892e-01,1.500000000000000000e+01
-4.415649060472479626e-01,1.181793041838101188e-01,1.176158344309565784e-01,1.500000000000000000e+01
-4.315649060472479537e-01,1.272526920002470530e-01,1.267038115051789537e-01,1.500000000000000000e+01
-4.215649060472479448e-01,1.363260798166839594e-01,1.357917885794013013e-01,1.500000000000000000e+01
-4.115649060472479359e-01,1.453994676331209213e-01,1.448797656536236766e-01,1.500000000000000000e+01
-4.015649060472479270e-01,1.544728554495578277e-01,1.539677427278460242e-01,1.500000000000000000e+01
-3.915649060472479182e-01,1.635462432659947896e-01,1.630557198020683995e-01,1.500000000000000000e+01
-3.815649060472479093e-01,1.726196310824316960e-01,1.721436968762907749e-01,1.500000000000000000e+01
-3.715649060472479004e-01,1.816930188988686579e-01,1.812316739505131502e-01,1.500000000000000000e+01
-3.615649060472478915e-01,1.907664067153055643e-01,1.903196510247354700e-01,1.500000000000000000e+01
-3.515649060472478826e-01,1.998397945317424984e-01,1.994076280989578454e-01,1.500000000000000000e+01
-3.415649060472478737e-01,2.089131823481794048e-01,2.084956051731802207e-01,1.500000000000000000e+01
-3.315649060472478649e-01,2.179865701646163112e-01,2.175835822474025683e-01,1.500000000000000000e+01
-3.215649060472478560e-01,2.270599579810532731e-01,2.266715593216249436e-01,1.500000000000000000e+01
-3.115649060472478471e-01,2.361333457974901795e-01,2.357595363958473189e-01,1.500000000000000000e+01
-3.015649060472478382e-01,2.452067336139271414e-01,2.448475134700696665e-01,1.500000000000000000e+01
-2.915649060472478293e-01,2.542801214303640478e-01,2.539354905442920418e-01,1.500000000000000000e+01
-2.815649060472478205e-01,2.633535092468010097e-01,2.625074852962821503e-01,1.500000000000000000e+01
-2.715649060472478116e-01,2.719237196225749442e-01,2.709110409100290440e-01,1.500000000000000000e+01
-2.615649060472478027e-01,2.801858940741516202e-01,2.793145965237759376e-01,1.500000000000000000e+01
-2.515649060472477938e-01,2.884480685257282961e-01,2.877181521375228312e-01,1.500000000000000000e+01
-2.415649060472477849e-01,2.967102429773049721e-01,2.961217077512696694e-01,1.500000000000000000e+01
-2.315649060472477760e-01,3.049724174288816481e-01,3.044478909479166329e-01,1.500000000000000000e+01
-2.215649060472477672e-01,3.132345918804583240e-01,3.127289154660956583e-01,1.500000000000000000e+01
-2.115649060472477583e-01,3.214967663320349445e-01,3.210099399842746282e-01,1.500000000000000000e+01
-2.015649060472477494e-01,3.297589407836116759e-01,3.292909645024537091e-01,1.500000000000000000e+01
-1.915649060472477405e-01,3.380211152351883519e-01,3.375719890206327345e-01,1.500000000000000000e+01
-1.815649060472477316e-01,3.462832896867650279e-01,3.458530135388118154e-01,1.500000000000000000e+01
-1.715649060472477228e-01,3.545454641383417038e-01,3.541340380569907853e-01,1.500000000000000000e+01
-1.615649060472477139e-01,3.628076385899183798e-01,3.624150625751698662e-01,1.500000000000000000e+01
-1.515649060472477050e-01,3.710698130414950557e-01,3.706960870933488916e-01,1.500000000000000000e+01
-1.415649060472476961e-01,3.793319874930717317e-01,3.789771116115279170e-01,1.500000000000000000e+01
-1.315649060472476872e-01,3.875941619446484077e-01,3.872581361297069424e-01,1.500000000000000000e+01
-1.215649060472476783e-01,3.958563363962250836e-01,3.955391606478859678e-01,1.500000000000000000e+01
-1.115649060472476695e-01,4.035664826835856922e-01,4.029313705772402110e-01,1.500000000000000000e+01
-1.015649060472476606e-01,4.106403765998388744e-01,4.100382887838177615e-01,1.500000000000000000e+01
-9.156490604724765170e-02,4.177142705160921121e-01,4.171452069903952564e-01,1.500000000000000000e+01
-8.156490604724764282e-02,4.247881644323452943e-01,4.242521251969728624e-01,1.500000000000000000e+01
-7.156490604724763394e-02,4.318620583485984765e-01,4.313590434035504129e-01,1.500000000000000000e+01
-6.156490604724762505e-02,4.389359522648517142e-01,4.384659616101279633e-01,1.500000000000000000e+01
-5.156490604724761617e-02,4.460098461811048964e-01,4.455728798167054583e-01,1.500000000000000000e+01
-4.156490604724760729e-02,4.530837400973580786e-01,4.521624567291772645e-01,1.500000000000000000e+01
-3.156490604724759841e-02,4.601576340136113163e-01,4.586592422539202962e-01,1.500000000000000000e+01
-2.156490604724758953e-02,4.672315279298644985e-01,4.651560277786632724e-01,1.500000000000000000e+01
-1.156490604724758064e-02,4.742143440966219425e-01,4.716528133034062487e-01,1.500000000000000000e+01
-1.564906047247571763e-03,4.801767694711359669e-01,4.781495988281492249e-01,1.500000000000000000e+01
8.435093952752437119e-03,4.861391948456499357e-01,4.846463843528922011e-01,1.500000000000000000e+01
1.843509395275244600e-02,4.921016202201639045e-01,4.911431698776351773e-01,1.500000000000000000e+01
2.843509395275245488e-02,4.980640455946779288e-01,4.974799051911788506e-01,1.500000000000000000e+01
3.843509395275246376e-02,5.040264709691919531e-01,5.029889754216170239e-01,1.500000000000000000e+01
4.843509395275247265e-02,5.099888963437059219e-01,5.084980456520551417e-01,1.500000000000000000e+01
5.843509395275248153e-02,5.159513217182198908e-01,5.140071158824932596e-01,1.500000000000000000e+01
6.843509395275249041e-02,5.219137470927339706e-01,5.195161861129313774e-01,1.500000000000000000e+01
7.843509395275249929e-02,5.270605795684349948e-01,5.250252563433694952e-01,1.500000000000000000e+01
8.843509395275250817e-02,5.321388102259683173e-01,5.305343265738076131e-01,1.500000000000000000e+01
9.843509395275251705e-02,5.372170408835017508e-01,5.360433968042458419e-01,1.500000000000000000e+01
1.084350939527525259e-01,5.422952715410350732e-01,5.415524670346839597e-01,1.500000000000000000e+01
1.184350939527525348e-01,5.473735021985685067e-01,5.465461603594502504e-01,1.500000000000000000e+01
1.284350939527525437e-01,5.524517328561018292e-01,5.511663134224089600e-01,1.500000000000000000e+01
1.384350939527525526e-01,5.575299635136351517e-01,5.557864664853677805e-01,1.500000000000000000e+01
1.484350939527525615e-01,5.621939713954866580e-01,5.604066195483267121e-01,1.500000000000000000e+01
1.584350939527525703e-01,5.666324798020292430e-01,5.650267726112855327e-01,1.500000000000000000e+01
1.684350939527525792e-01,5.710709882085720501e-01,5.696469256742443532e-01,1.500000000000000000e+01
1.784350939527525881e-01,5.755094966151146352e-01,5.742670787372031738e-01,1.500000000000000000e+01
1.884350939527525970e-01,5.799480050216573312e-01,5.788872318001619943e-01,1.500000000000000000e+01
1.984350939527526059e-01,5.843865134282000273e-01,5.835073848631209259e-01,1.500000000000000000e+01
2.084350939527526148e-01,5.888250218347426124e-01,5.881275379260796354e-01,1.500000000000000000e+01
2.184350939527526236e-01,5.929252786409995313e-01,5.919912383786334331e-01,1.500000000000000000e+01
2.284350939527526325e-01,5.968300845987180026e-01,5.958218177590299813e-01,1.500000000000000000e+01
2.384350939527526414e-01,6.007348905564364738e-01,5.996523971394265295e-01,1.500000000000000000e+01
2.484350939527526503e-01,6.046396965141549451e-01,6.034829765198231888e-01,1.500000000000000000e+01
2.584350939527526592e-01,6.085445024718734164e-01,6.073135559002197370e-01,1.500000000000000000e+01
2.684350939527526680e-01,6.124493084295918877e-01,6.111441352806162852e-01,1.500000000000000000e+01
2.784350939527526769e-01,6.163541143873102479e-01,6.149747146610128334e-01,1.500000000000000000e+01
2.884350939527526858e-01,6.200628015034123086e-01,6.188052940414093817e-01,1.500000000000000000e+01
2.984350939527526947e-01,6.236633423109176899e-01,6.226358734218059299e-01,1.500000000000000000e+01
3.084350939527527036e-01,6.272638831184229602e-01,6.264664528022025891e-01,1.500000000000000000e+01
3.184350939527527125e-01,6.308644239259282305e-01,6.302448983300120711e-01,1.500000000000000000e+01
3.284350939527527213e-01,6.344649647334335008e-01,6.336573452198145384e-01,1.500000000000000000e+01
3.384350939527527302e-01,6.380655055409388821e-01,6.370697921096171168e-01,1.500000000000000000e+01
3.484350939527527391e-01,6.416660463484441523e-01,6.404822389994194731e-01,1.500000000000000000e+01
3.584350939527527480e-01,6.451874442334530890e-01,6.438946858892220515e-01,1.500000000000000000e+01
3.684350939527527569e-01,6.485651022454608228e-01,6.473071327790245189e-01,1.500000000000000000e+01
3.784350939527527657e-01,6.519427602574684455e-01,6.507195796688269862e-01,1.500000000000000000e+01
3.884350939527527746e-01,6.553204182694761792e-01,6.541320265586294536e-01,1.500000000000000000e+01
3.984350939527527835e-01,6.586980762814838020e-01,6.575444734484320319e-01,1.500000000000000000e+01
4.084350939527527924e-01,6.620757342934915357e-01,6.609569203382346103e-01,1.500000000000000000e+01
4.184350939527528013e-01,6.654533923054991584e-01,6.643693672280370777e-01,1.500000000000000000e+01
4.284350939527528102e-01,6.688310503175068922e-01,6.677818141178395450e-01,1.500000000000000000e+01
4.384350939527528190e-01,6.720940831692444606e-01,6.711942610076420124e-01,1.500000000000000000e+01
4.484350939527528279e-01,6.752868597487000635e-01,6.743324277787798859e-01,1.500000000000000000e+01
4.584350939527528368e-01,6.784796363281557774e-01,6.774300481119033268e-01,1.500000000000000000e+01
4.684350939527528457e-01,6.816724129076113803e-01,6.805276684450265456e-01,1.500000000000000000e+01
4.784350939527528546e-01,6.848651894870669832e-01,6.836252887781497645e-01,1.500000000000000000e+01
4.884350939527528634e-01,6.880579660665224750e-01,6.867229091112732053e-01,1.500000000000000000e+01
4.984350939527528723e-01,6.912507426459781890e-01,6.898205294443964242e-01,1.500000000000000000e+01
5.084350939527528812e-01,6.944435192254336808e-01,6.929181497775197540e-01,1.500000000000000000e+01
5.184350939527528901e-01,6.975970592119280500e-01,6.960157701106430839e-01,1.500000000000000000e+01
5.284350939527528990e-01,7.006717806729940712e-01,6.991133904437664137e-01,1.500000000000000000e+01
5.384350939527529079e-01,7.037465021340598703e-01,7.022110107768897436e-01,1.500000000000000000e+01
5.484350939527529167e-01,7.068212235951258915e-01,7.053086311100129624e-01,1.500000000000000000e+01
5.584350939527529256e-01,7.098959450561919127e-01,7.084062514431362922e-01,1.500000000000000000e+01
5.684350939527529345e-01,7.129706665172578228e-01,7.115038717762596221e-01,1.500000000000000000e+01
5.784350939527529434e-01,7.160453879783237330e-01,7.146014921093828409e-01,1.500000000000000000e+01
5.884350939527529523e-01,7.191201094393897542e-01,7.180689087728470144e-01,1.500000000000000000e+01
5.984350939527529611e-01,7.221948309004556643e-01,7.215584395855013655e-01,1.500000000000000000e+01
6.084350939527529700e-01,7.252089199290375765e-01,7.250479703981557167e-01,1.500000000000000000e+01
6.184350939527529789e-01,7.281011241131936096e-01,7.285375012108100679e-01,1.500000000000000000e+01
6.284350939527529878e-01,7.309933282973497537e-01,7.320270320234643080e-01,1.500000000000000000e+01
6.384350939527529967e-01,7.338855324815056758e-01,7.355165628361186592e-01,1.500000000000000000e+01
6.484350939527530056e-01,7.367777366656615978e-01,7.390060936487730103e-01,1.500000000000000000e+01
6.584350939527530144e-01,7.396699408498177419e-01,7.424956244614273615e-01,1.500000000000000000e+01
6.684350939527530233e-01,7.425621450339736640e-01,7.459851552740817127e-01,1.500000000000000000e+01
6.784350939527530322e-01,7.454543492181298081e-01,7.494746860867360638e-01,1.500000000000000000e+01
6.884350939527530411e-01,7.483465534022857302e-01,7.529642168993904150e-01,1.500000000000000000e+01
6.984350939527530500e-01,7.512387575864417633e-01,7.564537477120446551e-01,1.500000000000000000e+01
7.084350939527530588e-01,7.539032308996510556e-01,7.599432785246990063e-01,1.500000000000000000e+01
7.184350939527530677e-01,7.564231741479484628e-01,7.634328093373533575e-01,1.500000000000000000e+01
7.284350939527530766e-01,7.589431173962457589e-01,7.669223401500077086e-01,1.500000000000000000e+01
7.384350939527530855e-01,7.614630606445431660e-01,7.704397455635515479e-01,1.500000000000000000e+01
7.484350939527530944e-01,7.639830038928405731e-01,7.748590709336290461e-01,1.500000000000000000e+01
7.584350939527531033e-01,7.665029471411379802e-01,7.792783963037066552e-01,1.500000000000000000e+01
7.684350939527531121e-01,7.690228903894353873e-01,7.836977216737841534e-01,1.500000000000000000e+01
7.784350939527531210e-01,7.784350939527531210e-01,7.881170470438618736e-01,1.500000000000000000e+01
7.884350939527531299e-01,7.884350939527531299e-01,7.925363724139393717e-01,1.500000000000000000e+01
7.984350939527531388e-01,7.984350939527531388e-01,7.969556977840170919e-01,1.500000000000000000e+01
8.084350939527531477e-01,8.084350939527531477e-01,8.013750231540945901e-01,1.500000000000000000e+01
8.184350939527531565e-01,8.184350939527531565e-01,8.057943485241721993e-01,1.500000000000000000e+01
8.284350939527531654e-01,8.284350939527531654e-01,8.102136738942498084e-01,1.500000000000000000e+01
8.384350939527531743e-01,8.351624789923727255e-01,8.146329992643273066e-01,1.500000000000000000e+01
8.484350939527531832e-01,8.371763439885353542e-01,8.190523246344049157e-01,1.500000000000000000e+01
8.584350939527531921e-01,8.391902089846979829e-01,8.234716500044825249e-01,1.500000000000000000e+01
8.684350939527532010e-01,8.412226259522250782e-01,8.278909753745600231e-01,1.500000000000000000e+01
8.784350939527532098e-01,8.435923552687050186e-01,8.323103007446376322e-01,1.500000000000000000e+01
8.884350939527532187e-01,8.459620845851847371e-01,8.367296261147152414e-01,1.500000000000000000e+01
8.984350939527532276e-01,8.483318139016646775e-01,8.411489514847927396e-01,1.500000000000000000e+01
9.084350939527532365e-01,8.507015432181443959e-01,8.455682768548703487e-01,1.500000000000000000e+01
9.184350939527532454e-01,8.530712725346243364e-01,8.499876022249479579e-01,1.500000000000000000e+01
9.284350939527532542e-01,8.554410018511042768e-01,8.524852207789117564e-01,1.500000000000000000e+01
9.384350939527532631e-01,8.578107311675839952e-01,8.543249155172208953e-01,1.500000000000000000e+01
9.484350939527532720e-01,8.601804604840639357e-01,8.561646102555300342e-01,1.500000000000000000e+01
9.584350939527532809e-01,8.625501898005437651e-01,8.580043049938390620e-01,1.500000000000000000e+01
9.684350939527532898e-01,8.649199191170235945e-01,8.598439997321480899e-01,1.500000000000000000e+01
9.784350939527532987e-01,8.672896484335035350e-01,8.616836944704571177e-01,1.500000000000000000e+01
9.884350939527533075e-01,8.690874434598001574e-01,8.635233892087663676e-01,1.500000000000000000e+01
9.984350939527533164e-01,8.707462393819640489e-01,8.653630839470753955e-01,1.500000000000000000e+01
1.008435093952753325e+00,8.724050353041279404e-01,8.672027786853844233e-01,1.500000000000000000e+01
1.018435093952753334e+00,8.740638312262918319e-01,8.690424734236934512e-01,1.500000000000000000e+01
1.028435093952753343e+00,8.757226271484558344e-01,8.708821681620024791e-01,1.500000000000000000e+01
1.038435093952753352e+00,8.773814230706198369e-01,8.727218629003116179e-01,1.500000000000000000e+01
1.048435093952753361e+00,8.790402189927837284e-01,8.745615576386207568e-01,1.500000000000000000e+01
1.058435093952753370e+00,8.806990149149476199e-01,8.764012523769297847e-01,1.500000000000000000e+01
1.068435093952753379e+00,8.823578108371115114e-01,8.782409471152388125e-01,1.500000000000000000e+01
1.078435093952753387e+00,8.840166067592754029e-01,8.800806418535478404e-01,1.500000000000000000e+01
1.088435093952753396e+00,8.856754026814394054e-01,8.819203365918568682e-01,1.500000000000000000e+01
1.098435093952753405e+00,8.873012938030683250e-01,8.837600313301660071e-01,1.500000000000000000e+01
1.108435093952753414e+00,8.888379052010134673e-01,8.855997260684751460e-01,1.500000000000000000e+01
1.118435093952753423e+00,8.903745165989587207e-01,8.874394208067841738e-01,1.500000000000000000e+01
1.128435093952753432e+00,8.919111279969038630e-01,8.892791155450932017e-01,1.500000000000000000e+01
1.138435093952753441e+00,8.934477393948490054e-01,8.909259201842006926e-01,1.500000000000000000e+01
1.148435093952753450e+00,8.949843507927943698e-01,8.924484594238407675e-01,1.500000000000000000e+01
1.158435093952753459e+00,8.965209621907395121e-01,8.939709986634809535e-01,1.500000000000000000e+01
1.168435093952753467e+00,8.980575735886846545e-01,8.954935379031210285e-01,1.500000000000000000e+01
1.178435093952753476e+00,8.995941849866297968e-01,8.970160771427611035e-01,1.500000000000000000e+01
1.188435093952753485e+00,9.011307963845750502e-01,8.985386163824012895e-01,1.500000000000000000e+01
1.198435093952753494e+00,9.026674077825201925e-01,9.000611556220414755e-01,1.500000000000000000e+01
1.208435093952753503e+00,9.042040191804654459e-01,9.015836948616815505e-01,1.500000000000000000e+01
1.218435093952753512e+00,9.057406305784105882e-01,9.031062341013216255e-01,1.500000000000000000e+01
1.228435093952753521e+00,9.072612699364079880e-01,9.046287733409618115e-01,1.500000000000000000e+01
1.238435093952753530e+00,9.087638279991087087e-01,9.061513125806019975e-01,1.500000000000000000e+01
1.248435093952753538e+00,9.102663860618092073e-01,9.076738518202420725e-01,1.500000000000000000e+01
1.258435093952753547e+00,9.117689441245098170e-01,9.091963910598821474e-01,1.500000000000000000e+01
1.268435093952753556e+00,9.132715021872104266e-01,9.107189302995224445e-01,1.500000000000000000e+01
1.278435093952753565e+00,9.147740602499110363e-01,9.122414695391625195e-01,1.500000000000000000e+01
1.288435093952753574e+00,9.162766183126116459e-01,9.137640087788025944e-01,1.500000000000000000e+01
1.298435093952753583e+00,9.177791763753122556e-01,9.152865480184427804e-01,1.500000000000000000e+01
1.308435093952753592e+00,9.192817344380126432e-01,9.168090872580828554e-01,1.500000000000000000e+01
1.318435093952753601e+00,9.207842925007133639e-01,9.183316264977230414e-01,1.500000000000000000e+01
1.328435093952753610e+00,9.222868505634138625e-01,9.198541657373632274e-01,1.500000000000000000e+01
1.338435093952753618e+00,9.237894086261145832e-01,9.213767049770033024e-01,1.500000000000000000e+01
1.348435093952753627e+00,9.252919666888150818e-01,9.228992442166434884e-01,1.500000000000000000e+01
1.358435093952753636e+00,9.267945247515155804e-01,9.244217834562835634e-01,1.500000000000000000e+01
1.368435093952753645e+00,9.282941985844930244e-01,9.259443226959236384e-01,1.500000000000000000e+01
1.378435093952753654e+00,9.297377026218973661e-01,9.274637765403720424e-01,1.500000000000000000e+01
1.388435093952753663e+00,9.311812066593018189e-01,9.287958254606121233e-01,1.500000000000000000e+01
1.398435093952753672e+00,9.326247106967062717e-01,9.301278743808524263e-01,1.500000000000000000e+01
1.408435093952753681e+00,9.340682147341106134e-01,9.314599233010923962e-01,1.500000000000000000e+01
1.418435093952753689e+00,9.355117187715149552e-01,9.327919722213326992e-01,1.500000000000000000e+01
1.428435093952753698e+00,9.369552228089192969e-01,9.341240211415727801e-01,1.500000000000000000e+01
1.438435093952753485e+00,9.383987268463238607e-01,9.354560700618129720e-01,1.500000000000000000e+01
1.448435093952753716e+00,9.398422308837282024e-01,9.367881189820531640e-01,1.500000000000000000e+01
1.458435093952753947e+00,9.412857349211326552e-01,9.381201679022934670e-01,1.500000000000000000e+01
1.468435093952753734e+00,9.427292389585371080e-01,9.394522168225334369e-01,1.500000000000000000e+01
1.478435093952753521e+00,9.441727429959414497e-01,9.407842657427736288e-01,1.500000000000000000e+01
1.488435093952753752e+00,9.456162470333457915e-01,9.421163146630138208e-01,1.500000000000000000e+01
1.498435093952753983e+00,9.470597510707503552e-01,9.434483635832540127e-01,1.500000000000000000e+01
1.508435093952753769e+00,9.485032551081546970e-01,9.447804125034942047e-01,1.500000000000000000e+01
1.518435093952753556e+00,9.499467591455590387e-01,9.461124614237342856e-01,1.500000000000000000e+01
1.528435093952753787e+00,9.513902631829634915e-01,9.474445103439745886e-01,1.500000000000000000e+01
1.538435093952754018e+00,9.526730033499268835e-01,9.487765592642147805e-01,1.500000000000000000e+01
1.548435093952753805e+00,9.539081489825614879e-01,9.501086081844548614e-01,1.500000000000000000e+01
1.558435093952753592e+00,9.551432946151959813e-01,9.514406571046949423e-01,1.500000000000000000e+01
1.568435093952753823e+00,9.563784402478305857e-01,9.527727060249351343e-01,1.500000000000000000e+01
1.578435093952754054e+00,9.576135858804651901e-01,9.541047549451753262e-01,1.500000000000000000e+01
1.588435093952753840e+00,9.588487315130999056e-01,9.554368038654155182e-01,1.500000000000000000e+01
1.598435093952753627e+00,9.600838771457342880e-01,9.567688527856557101e-01,1.500000000000000000e+01
1.608435093952753858e+00,9.613190227783690034e-01,9.581009017058959021e-01,1.500000000000000000e+01
1.618435093952754089e+00,9.625541684110036078e-01,9.594329506261360940e-01,1.500000000000000000e+01
1.628435093952753876e+00,9.637893140436382122e-01,9.607649995463761750e-01,1.500000000000000000e+01
1.638435093952753663e+00,9.650244596762727056e-01,9.620970484666162559e-01,1.500000000000000000e+01
1.648435093952753894e+00,9.662596053089073100e-01,9.634290973868565588e-01,1.500000000000000000e+01
1.658435093952754125e+00,9.674947509415419145e-01,9.647611463070967508e-01,1.500000000000000000e+01
1.668435093952753911e+00,9.687298965741765189e-01,9.660532955588829740e-01,1.500000000000000000e+01
1.678435093952753698e+00,9.699650422068111233e-01,9.671897477004864907e-01,1.500000000000000000e+01
1.688435093952753929e+00,9.712001878394456167e-01,9.683261998420901184e-01,1.500000000000000000e+01
1.698435093952754160e+00,9.724353334720802211e-01,9.694626519836938572e-01,1.500000000000000000e+01
1.708435093952753947e+00,9.736704791047148255e-01,9.705991041252973739e-01,1.500000000000000000e+01
1.718435093952753734e+00,9.748383074500226453e-01,9.717355562669010016e-01,1.500000000000000000e+01
1.728435093952753965e+00,9.759640708427536060e-01,9.728720084085047404e-01,1.500000000000000000e+01
1.738435093952754196e+00,9.770898342354846777e-01,9.740084605501082571e-01,1.500000000000000000e+01
1.748435093952753983e+00,9.782155976282156384e-01,9.751449126917119958e-01,1.500000000000000000e+01
1.758435093952753769e+00,9.793413610209465991e-01,9.762813648333155125e-01,1.500000000000000000e+01
1.768435093952754000e+00,9.804671244136775599e-01,9.774178169749192513e-01,1.500000000000000000e+01
1.778435093952754231e+00,9.815928878064086316e-01,9.785542691165227680e-01,1.500000000000000000e+01
1.788435093952754018e+00,9.827186511991395923e-01,9.796907212581265068e-01,1.500000000000000000e+01
1.798435093952753805e+00,9.838444145918705530e-01,9.808271733997301345e-01,1.500000000000000000e+01
1.808435093952754036e+00,9.849701779846015137e-01,9.819636255413336512e-01,1.500000000000000000e+01
1.818435093952754267e+00,9.860959413773326965e-01,9.831000776829372789e-01,1.500000000000000000e+01
1.828435093952754054e+00,9.872217047700635462e-01,9.842365298245410177e-01,1.500000000000000000e+01
1.838435093952753840e+00,9.883474681627945069e-01,9.853729819661445344e-01,1.500000000000000000e+01
1.848435093952754071e+00,9.894732315555255786e-01,9.865094341077480511e-01,1.500000000000000000e+01
1.858435093952754302e+00,9.905989949482565393e-01,9.876458862493517898e-01,1.500000000000000000e+01
1.868435093952754089e+00,9.917247583409876110e-01,9.887823383909553066e-01,1.500000000000000000e+01
1.878435093952753876e+00,9.928505217337184607e-01,9.899187905325590453e-01,1.500000000000000000e+01
1.888435093952754107e+00,9.939762851264495325e-01,9.910552426741625620e-01,1.500000000000000000e+01
1.898435093952754338e+00,9.951020485191804932e-01,9.921916948157664118e-01,1.500000000000000000e+01
1.908435093952754125e+00,9.962278119119115649e-01,9.933281469573700395e-01,1.500000000000000000e+01
1.918435093952753911e+00,9.973529413438025903e-01,9.944645990989735562e-01,1.500000000000000000e+01
1.928435093952754142e+00,9.984200814185024697e-01,9.956010512405772950e-01,1.500000000000000000e+01
1.938435093952754373e+00,9.994872214932024601e-01,9.967375033821809227e-01,1.500000000000000000e+01
1.948435093952754160e+00,1.000554361567902228e+00,9.978739555237845504e-01,1.500000000000000000e+01
1.958435093952753947e+00,1.001621501642602219e+00,9.990104076653880671e-01,1.500000000000000000e+01
1.968435093952754178e+00,1.002688641717301987e+00,1.000146859806991806e+00,1.500000000000000000e+01
1.978435093952754409e+00,1.003755781792001978e+00,1.001283311948595323e+00,1.500000000000000000e+01
1.988435093952754196e+00,1.004822921866701746e+00,1.002419764090199061e+00,1.500000000000000000e+01
1.998435093952753983e+00,1.005890061941401736e+00,1.003556216231802578e+00,1.500000000000000000e+01
2.008435093952754436e+00,1.006957202016101505e+00,1.004675086622235813e+00,1.500000000000000000e+01
2.018435093952754222e+00,1.008024342090801273e+00,1.005720265330001251e+00,1.500000000000000000e+01
2.028435093952754009e+00,1.009091482165501263e+00,1.006765444037766688e+00,1.500000000000000000e+01
2.038435093952753796e+00,1.010158622240201032e+00,1.007810622745532125e+00,1.500000000000000000e+01
2.048435093952754471e+00,1.011225762314901022e+00,1.008855801453297563e+00,1.500000000000000000e+01
2.058435093952754258e+00,1.012292902389601013e+00,1.009900980161063000e+00,1.500000000000000000e+01
2.068435093952754045e+00,1.013360042464300781e+00,1.010946158868828437e+00,1.500000000000000000e+01
2.078435093952753832e+00,1.014427182539000771e+00,1.011991337576593875e+00,1.500000000000000000e+01
2.088435093952754507e+00,1.015494322613700540e+00,1.013036516284359534e+00,1.500000000000000000e+01
2.098435093952754293e+00,1.016561462688400308e+00,1.014081694992124971e+00,1.500000000000000000e+01
2.108435093952754080e+00,1.017628602763100298e+00,1.015126873699890409e+00,1.500000000000000000e+01
2.118435093952753867e+00,1.018695742837800067e+00,1.016172052407655624e+00,1.500000000000000000e+01
2.128435093952754542e+00,1.019762882912500057e+00,1.017217231115421283e+00,1.500000000000000000e+01
2.138435093952754329e+00,1.020830022987200048e+00,1.018262409823186943e+00,1.500000000000000000e+01
2.148435093952754116e+00,1.021897163061899816e+00,1.019307588530952380e+00,1.500000000000000000e+01
2.158435093952753903e+00,1.022948583565334468e+00,1.020352767238717817e+00,1.500000000000000000e+01
2.168435093952754578e+00,1.023970681983433995e+00,1.021397945946483254e+00,1.500000000000000000e+01
2.178435093952754364e+00,1.024992780401533521e+00,1.022443124654248692e+00,1.500000000000000000e+01
2.188435093952754151e+00,1.026014878819633047e+00,1.023488303362014129e+00,1.500000000000000000e+01
2.198435093952753938e+00,1.027036977237732351e+00,1.024533482069779566e+00,1.500000000000000000e+01
2.208435093952754613e+00,1.028059075655832100e+00,1.025578660777545004e+00,1.500000000000000000e+01
2.218435093952754400e+00,1.029081174073931404e+00,1.026623839485310441e+00,1.500000000000000000e+01
2.228435093952754187e+00,1.030103272492030930e+00,1.027669018193075878e+00,1.500000000000000000e+01
2.238435093952753974e+00,1.031125370910130457e+00,1.028714196900841316e+00,1.500000000000000000e+01
2.248435093952754649e+00,1.032147469328229983e+00,1.029759375608606975e+00,1.500000000000000000e+01
2.258435093952754436e+00,1.033169567746329509e+00,1.030804554316372412e+00,1.500000000000000000e+01
2.268435093952754222e+00,1.034191666164429035e+00,1.031849733024137850e+00,1.500000000000000000e+01
2.278435093952754009e+00,1.035213764582528562e+00,1.032894911731903287e+00,1.500000000000000000e+01
2.288435093952754684e+00,1.036235863000627866e+00,1.033940090439668724e+00,1.500000000000000000e+01
2.298435093952754471e+00,1.037257961418727614e+00,1.034985269147434161e+00,1.500000000000000000e+01
2.308435093952754258e+00,1.038280059836826918e+00,1.036030447855199599e+00,1.500000000000000000e+01
2.318435093952754045e+00,1.039302158254926667e+00,1.037075626562965036e+00,1.500000000000000000e+01
2.328435093952754720e+00,1.040324256673025971e+00,1.038120805270730695e+00,1.500000000000000000e+01
2.338435093952754507e+00,1.041346355091125497e+00,1.039165983978496133e+00,1.500000000000000000e+01
2.348435093952754293e+00,1.042368453509225024e+00,1.040211162686261570e+00,1.500000000000000000e+01
2.358435093952754080e+00,1.043390551927324550e+00,1.041256341394027007e+00,1.500000000000000000e+01
2.368435093952754755e+00,1.044412650345424076e+00,1.042301520101792445e+00,1.500000000000000000e+01
2.378435093952754542e+00,1.045434748763523602e+00,1.043346698809557882e+00,1.500000000000000000e+01
2.388435093952754329e+00,1.046456847181623129e+00,1.044391877517323319e+00,1.500000000000000000e+01
2.398435093952754116e+00,1.047478945599722655e+00,1.045437056225088757e+00,1.500000000000000000e+01
2.408435093952754791e+00,1.048501044017822181e+00,1.046482234932854416e+00,1.500000000000000000e+01
2.418435093952754578e+00,1.049523142435921486e+00,1.047482144904910095e+00,1.500000000000000000e+01
-5.304652870745691917e-01,0.000000000000000000e+00,0.000000000000000000e+00,2.000000000000000000e+01
-5.204652870745691828e-01,9.243718668710886738e-03,8.306073603280880735e-03,2.000000000000000000e+01
-5.104652870745691740e-01,1.836742779547896609e-02,1.753504427359285633e-02,2.000000000000000000e+01
-5.004652870745691651e-01,2.743407352701696111e-02,2.671976997916276214e-02,2.000000000000000000e+01
-4.904652870745691562e-01,3.650071925855495614e-02,3.580133869149066533e-02,2.000000000000000000e+01
-4.804652870745691473e-01,4.556736499009295116e-02,4.488290740381856853e-02,2.000000000000000000e+01
-4.704652870745691384e-01,5.463401072163094618e-02,5.396447611614647866e-02,2.000000000000000000e+01
-4.604652870745691295e-01,6.370065645316895508e-02,6.304604482847438185e-02,2.000000000000000000e+01
-4.504652870745691207e-01,7.276730218470695011e-02,7.212761354080228504e-02,2.000000000000000000e+01
-4.404652870745691118e-01,8.183394791624494513e-02,8.120918225313018823e-02,2.000000000000000000e+01
-4.304652870745691029e-01,9.090059364778294015e-02,9.029075096545810530e-02,2.000000000000000000e+01
-4.204652870745690940e-01,9.996723937932093518e-02,9.937231967778599462e-02,2.000000000000000000e+01
-4.104652870745690851e-01,1.090338851108589441e-01,1.084538883901138978e-01,2.000000000000000000e+01
-4.004652870745690763e-01,1.181005308423969391e-01,1.175354571024417871e-01,2.000000000000000000e+01
-3.904652870745690674e-01,1.271671765739349202e-01,1.266170258147696903e-01,2.000000000000000000e+01
-3.804652870745690585e-01,1.362338223054729014e-01,1.356985945270975935e-01,2.000000000000000000e+01
-3.704652870745690496e-01,1.453004680370109103e-01,1.447801632394254967e-01,2.000000000000000000e+01
-3.604652870745690407e-01,1.543671137685488914e-01,1.538617319517533999e-01,2.000000000000000000e+01
-3.504652870745690318e-01,1.634337595000869281e-01,1.629433006640813031e-01,2.000000000000000000e+01
-3.404652870745690230e-01,1.725004052316249092e-01,1.720248693764092063e-01,2.000000000000000000e+01
-3.304652870745690141e-01,1.815670509631629181e-01,1.811064380887371095e-01,2.000000000000000000e+01
-3.204652870745690052e-01,1.906336966947008993e-01,1.901880068010650127e-01,2.000000000000000000e+01
-3.104652870745689963e-01,1.997003424262389082e-01,1.992695755133929159e-01,2.000000000000000000e+01
-3.004652870745689874e-01,2.087669881577768893e-01,2.083511442257208190e-01,2.000000000000000000e+01
-2.904652870745689786e-01,2.178336338893149260e-01,2.174327129380486945e-01,2.000000000000000000e+01
-2.804652870745689697e-01,2.269002796208529071e-01,2.265142816503766254e-01,2.000000000000000000e+01
-2.704652870745689608e-01,2.359669253523908605e-01,2.355958503627045286e-01,2.000000000000000000e+01
-2.604652870745689519e-01,2.450335710839288972e-01,2.446774190750324041e-01,2.000000000000000000e+01
-2.504652870745689430e-01,2.541002168154668506e-01,2.537589877873603350e-01,2.000000000000000000e+01
-2.404652870745689341e-01,2.631668625470048872e-01,2.622958689515267894e-01,2.000000000000000000e+01
-2.304652870745689253e-01,2.715595794369488059e-01,2.706549403395225872e-01,2.000000000000000000e+01
-2.204652870745689164e-01,2.798073512145841102e-01,2.790140117275183851e-01,2.000000000000000000e+01
-2.104652870745689075e-01,2.880551229922194700e-01,2.873730831155142385e-01,2.000000000000000000e+01
-2.004652870745688986e-01,2.963028947698548299e-01,2.957321545035100363e-01,2.000000000000000000e+01
-1.904652870745688897e-01,3.045506665474901342e-01,3.040331442850406907e-01,2.000000000000000000e+01
-1.804652870745688809e-01,3.127984383251254386e-01,3.123002345363566912e-01,2.000000000000000000e+01
-1.704652870745688720e-01,3.210462101027607984e-01,3.205673247876726917e-01,2.000000000000000000e+01
-1.604652870745688631e-01,3.292939818803961582e-01,3.288344150389888032e-01,2.000000000000000000e+01
-1.504652870745688542e-01,3.375417536580314626e-01,3.371015052903048037e-01,2.000000000000000000e+01
-1.404652870745688453e-01,3.457895254356668224e-01,3.453685955416208597e-01,2.000000000000000000e+01
-1.304652870745688364e-01,3.540372972133021268e-01,3.535958069181680541e-01,2.000000000000000000e+01
-1.204652870745688276e-01,3.622850689909374866e-01,3.618226103206420574e-01,2.000000000000000000e+01
-1.104652870745688187e-01,3.705328407685727909e-01,3.700494137231160607e-01,2.000000000000000000e+01
-1.004652870745688098e-01,3.787806125462081508e-01,3.782762171255900085e-01,2.000000000000000000e+01
-9.046528707456880092e-02,3.870283843238434551e-01,3.865030205280639009e-01,2.000000000000000000e+01
-8.046528707456879204e-02,3.952761561014788150e-01,3.947298239305379042e-01,2.000000000000000000e+01
-7.046528707456878315e-02,4.026009723346707925e-01,4.021105163730071541e-01,2.000000000000000000e+01
-6.046528707456877427e-02,4.096951529159444938e-01,4.092196241042496685e-01,2.000000000000000000e+01
-5.046528707456876539e-02,4.167893334972181396e-01,4.163287318354922384e-01,2.000000000000000000e+01
-4.046528707456875651e-02,4.238835140784918964e-01,4.234378395667348083e-01,2.000000000000000000e+01
-3.046528707456874763e-02,4.309776946597655423e-01,4.305469472979773782e-01,2.000000000000000000e+01
-2.046528707456873875e-02,4.380718752410392436e-01,4.376560550292198926e-01,2.000000000000000000e+01
-1.046528707456872986e-02,4.451660558223129449e-01,4.447651627604624625e-01,2.000000000000000000e+01
-4.652870745687209819e-04,4.522602364035866462e-01,4.513688858958799233e-01,2.000000000000000000e+01
9.534712925431287900e-03,4.593544169848603476e-01,4.578819622213138874e-01,2.000000000000000000e+01
1.953471292543129678e-02,4.664485975661340489e-01,4.643950385467479069e-01,2.000000000000000000e+01
2.953471292543130566e-02,4.731765313692053443e-01,4.709081148721818710e-01,2.000000000000000000e+01
3.953471292543131455e-02,4.792090335824613079e-01,4.774211911976158351e-01,2.000000000000000000e+01
4.953471292543132343e-02,4.852415357957172715e-01,4.839342675230497992e-01,2.000000000000000000e+01
5.953471292543133231e-02,4.912740380089731795e-01,4.904473438484838188e-01,2.000000000000000000e+01
6.953471292543134119e-02,4.973065402222291986e-01,4.968125988587642761e-01,2.000000000000000000e+01
7.953471292543135007e-02,5.033390424354851067e-01,5.024134278793849218e-01,2.000000000000000000e+01
8.953471292543135895e-02,5.093715446487411258e-01,5.080142569000054564e-01,2.000000000000000000e+01
9.953471292543136784e-02,5.154040468619970339e-01,5.136150859206261021e-01,2.000000000000000000e+01
1.095347129254313767e-01,5.214024918675197462e-01,5.192159149412467478e-01,2.000000000000000000e+01
1.195347129254313856e-01,5.266107564959993104e-01,5.248167439618672825e-01,2.000000000000000000e+01
1.295347129254313945e-01,5.318190211244788745e-01,5.304175729824878172e-01,2.000000000000000000e+01
1.395347129254314034e-01,5.370272857529586608e-01,5.360184020031084628e-01,2.000000000000000000e+01
1.495347129254314122e-01,5.422355503814383360e-01,5.416192310237291085e-01,2.000000000000000000e+01
1.595347129254314211e-01,5.474438150099180111e-01,5.467417442582075404e-01,2.000000000000000000e+01
1.695347129254314300e-01,5.526520796383976863e-01,5.515175787765546067e-01,2.000000000000000000e+01
1.795347129254314389e-01,5.578603442668772505e-01,5.562934132949016730e-01,2.000000000000000000e+01
1.895347129254314478e-01,5.627015483995739809e-01,5.610692478132487393e-01,2.000000000000000000e+01
1.995347129254314567e-01,5.672647045272429800e-01,5.658450823315958056e-01,2.000000000000000000e+01
2.095347129254314655e-01,5.718278606549119791e-01,5.706209168499428719e-01,2.000000000000000000e+01
2.195347129254314744e-01,5.763910167825809783e-01,5.753967513682898272e-01,2.000000000000000000e+01
2.295347129254314833e-01,5.809541729102500884e-01,5.801725858866368934e-01,2.000000000000000000e+01
2.395347129254314922e-01,5.855173290379190876e-01,5.849484204049839597e-01,2.000000000000000000e+01
2.495347129254315011e-01,5.900804851655881977e-01,5.897242549233310260e-01,2.000000000000000000e+01
2.595347129254315099e-01,5.944651715766285927e-01,5.938235444309932776e-01,2.000000000000000000e+01
2.695347129254315188e-01,5.985758978648685336e-01,5.978932115990560625e-01,2.000000000000000000e+01
2.795347129254315277e-01,6.026866241531085855e-01,6.019628787671187364e-01,2.000000000000000000e+01
2.895347129254315366e-01,6.067973504413486374e-01,6.060325459351814104e-01,2.000000000000000000e+01
2.995347129254315455e-01,6.109080767295886893e-01,6.101022131032440843e-01,2.000000000000000000e+01
3.095347129254315544e-01,6.150188030178286303e-01,6.141718802713067582e-01,2.000000000000000000e+01
3.195347129254315632e-01,6.191295293060686822e-01,6.182415474393694321e-01,2.000000000000000000e+01
3.295347129254315721e-01,6.231930048446634451e-01,6.223112146074319950e-01,2.000000000000000000e+01
3.395347129254315810e-01,6.270100140093091134e-01,6.263808817754946690e-01,2.000000000000000000e+01
3.495347129254315899e-01,6.308270231739547818e-01,6.304505489435573429e-01,2.000000000000000000e+01
3.595347129254315988e-01,6.346440323386004501e-01,6.344704057357118954e-01,2.000000000000000000e+01
3.695347129254316076e-01,6.384610415032461184e-01,6.381405755426101667e-01,2.000000000000000000e+01
3.795347129254316165e-01,6.422780506678917867e-01,6.418107453495084380e-01,2.000000000000000000e+01
3.895347129254316254e-01,6.460950598325374550e-01,6.454809151564067093e-01,2.000000000000000000e+01
3.995347129254316343e-01,6.499120689971830123e-01,6.491510849633049807e-01,2.000000000000000000e+01
4.095347129254316432e-01,6.535801131344333159e-01,6.528212547702032520e-01,2.000000000000000000e+01
4.195347129254316521e-01,6.571553692935364621e-01,6.564914245771014123e-01,2.000000000000000000e+01
4.295347129254316609e-01,6.607306254526397193e-01,6.601615943839996836e-01,2.000000000000000000e+01
4.395347129254316698e-01,6.643058816117428655e-01,6.638317641908979549e-01,2.000000000000000000e+01
4.495347129254316787e-01,6.678811377708462338e-01,6.675019339977962263e-01,2.000000000000000000e+01
4.595347129254316876e-01,6.714563939299493800e-01,6.711721038046944976e-01,2.000000000000000000e+01
4.695347129254316965e-01,6.750316500890526372e-01,6.748422736115927689e-01,2.000000000000000000e+01
4.795347129254317053e-01,6.786069062481558944e-01,6.785124434184909292e-01,2.000000000000000000e+01
4.895347129254317142e-01,6.820716352833307017e-01,6.818648927127225479e-01,2.000000000000000000e+01
4.995347129254317231e-01,6.854750501434807575e-01,6.851703738375675146e-01,2.000000000000000000e+01
5.095347129254317320e-01,6.888784650036308133e-01,6.884758549624124813e-01,2.000000000000000000e+01
5.195347129254317409e-01,6.922818798637809801e-01,6.917813360872573369e-01,2.000000000000000000e+01
5.295347129254317498e-01,6.956852947239311469e-01,6.950868172121023036e-01,2.000000000000000000e+01
5.395347129254317586e-01,6.990887095840812027e-01,6.983922983369472703e-01,2.000000000000000000e+01
5.495347129254317675e-01,7.024921244442312585e-01,7.016977794617922370e-01,2.000000000000000000e+01
5.595347129254317764e-01,7.058955393043814253e-01,7.050032605866372037e-01,2.000000000000000000e+01
5.695347129254317853e-01,7.092819273199277852e-01,7.083087417114821704e-01,2.000000000000000000e+01
5.795347129254317942e-01,7.124980746722220371e-01,7.116142228363271371e-01,2.000000000000000000e+01
5.895347129254318030e-01,7.157142220245162889e-01,7.149197039611721038e-01,2.000000000000000000e+01
5.995347129254318119e-01,7.189303693768104297e-01,7.182251850860170705e-01,2.000000000000000000e+01
6.095347129254318208e-01,7.221465167291045706e-01,7.215306662108619262e-01,2.000000000000000000e+01
6.195347129254318297e-01,7.253626640813988224e-01,7.248361473357068929e-01,2.000000000000000000e+01
6.295347129254318386e-01,7.285788114336930743e-01,7.281789016078746846e-01,2.000000000000000000e+01
6.395347129254318475e-01,7.317949587859872151e-01,7.315238848473766264e-01,2.000000000000000000e+01
6.495347129254318563e-01,7.350111061382814670e-01,7.348688680868789014e-01,2.000000000000000000e+01
6.595347129254318652e-01,7.382272534905757189e-01,7.382138513263808433e-01,2.000000000000000000e+01
6.695347129254318741e-01,7.412296536972647898e-01,7.415588345658828962e-01,2.000000000000000000e+01
6.795347129254318830e-01,7.442091286924202853e-01,7.449038178053850601e-01,2.000000000000000000e+01
6.895347129254318919e-01,7.471886036875755588e-01,7.482488010448871130e-01,2.000000000000000000e+01
6.995347129254319007e-01,7.501680786827310543e-01,7.515937842843891659e-01,2.000000000000000000e+01
7.095347129254319096e-01,7.531475536778864388e-01,7.549387675238912188e-01,2.000000000000000000e+01
7.195347129254319185e-01,7.561270286730419343e-01,7.582837507633932717e-01,2.000000000000000000e+01
7.295347129254319274e-01,7.591065036681972078e-01,7.616287340028954356e-01,2.000000000000000000e+01
7.395347129254319363e-01,7.620859786633527033e-01,7.649737172423973774e-01,2.000000000000000000e+01
7.495347129254319452e-01,7.650654536585080878e-01,7.683187004818995414e-01,2.000000000000000000e+01
7.595347129254319540e-01,7.680105316064855803e-01,7.716636837214015943e-01,2.000000000000000000e+01
7.695347129254319629e-01,7.704338858867693096e-01,7.750086669609036472e-01,2.000000000000000000e+01
7.795347129254319718e-01,7.795347129254319718e-01,7.783966703290030598e-01,2.000000000000000000e+01
7.895347129254319807e-01,7.895347129254319807e-01,7.831766474393854205e-01,2.000000000000000000e+01
7.995347129254319896e-01,7.995347129254319896e-01,7.879566245497676702e-01,2.000000000000000000e+01
8.095347129254319984e-01,8.095347129254319984e-01,7.927366016601498089e-01,2.000000000000000000e+01
8.195347129254320073e-01,8.195347129254320073e-01,7.975165787705321696e-01,2.000000000000000000e+01
8.295347129254320162e-01,8.295347129254320162e-01,8.022965558809143083e-01,2.000000000000000000e+01
8.395347129254320251e-01,8.369329135835162914e-01,8.070765329912965580e-01,2.000000000000000000e+01
8.495347129254320340e-01,8.396447420253119187e-01,8.118565101016788077e-01,2.000000000000000000e+01
8.595347129254320429e-01,8.423565704671076571e-01,8.166364872120610574e-01,2.000000000000000000e+01
8.695347129254320517e-01,8.450683989089032844e-01,8.214164643224433071e-01,2.000000000000000000e+01
8.795347129254320606e-01,8.477802273506988007e-01,8.261964414328254458e-01,2.000000000000000000e+01
8.895347129254320695e-01,8.504920557924944280e-01,8.309764185432076955e-01,2.000000000000000000e+01
8.995347129254320784e-01,8.532038842342901663e-01,8.357563956535899452e-01,2.000000000000000000e+01
9.095347129254320873e-01,8.559157126760856826e-01,8.405363727639720839e-01,2.000000000000000000e+01
9.195347129254320961e-01,8.586275411178814210e-01,8.453163498743543336e-01,2.000000000000000000e+01
9.295347129254321050e-01,8.613189178980924510e-01,8.500963269847365833e-01,2.000000000000000000e+01
9.395347129254321139e-01,8.635003739410974655e-01,8.548763040951188330e-01,2.000000000000000000e+01
9.495347129254321228e-01,8.656818299841022579e-01,8.596562812055009717e-01,2.000000000000000000e+01
9.595347129254321317e-01,8.678632860271071614e-01,8.644362583158833324e-01,2.000000000000000000e+01
9.695347129254321406e-01,8.700447420701120649e-01,8.671891941284882721e-01,2.000000000000000000e+01
9.795347129254321494e-01,8.722261981131170794e-01,8.692481433589878126e-01,2.000000000000000000e+01
9.895347129254321583e-01,8.744076541561219829e-01,8.713070925894874641e-01,2.000000000000000000e+01
9.995347129254321672e-01,8.765891101991269974e-01,8.733660418199870046e-01,2.000000000000000000e+01
1.009534712925432176e+00,8.787705662421319008e-01,8.754249910504865451e-01,2.000000000000000000e+01
1.019534712925432185e+00,8.809520222851368043e-01,8.774839402809861966e-01,2.000000000000000000e+01
1.029534712925432194e+00,8.831334783281415968e-01,8.795428895114857371e-01,2.000000000000000000e+01
1.039534712925432203e+00,8.853002030425954905e-01,8.816018387419852775e-01,2.000000000000000000e+01
1.049534712925432212e+00,8.872431327470005069e-01,8.836607879724849290e-01,2.000000000000000000e+01
1.059534712925432220e+00,8.891860624514056344e-01,8.857197372029843585e-01,2.000000000000000000e+01
1.069534712925432229e+00,8.911289921558106508e-01,8.877786864334840100e-01,2.000000000000000000e+01
1.079534712925432238e+00,8.930719218602157783e-01,8.898376356639835505e-01,2.000000000000000000e+01
1.089534712925432247e+00,8.950148515646206837e-01,8.918965848944830910e-01,2.000000000000000000e+01
1.099534712925432256e+00,8.969577812690257002e-01,8.939555341249827425e-01,2.000000000000000000e+01
1.109534712925432265e+00,8.989007109734308276e-01,8.960144833554822830e-01,2.000000000000000000e+01
1.119534712925432274e+00,9.008436406778358441e-01,8.980734325859818235e-01,2.000000000000000000e+01
1.129534712925432283e+00,9.027865703822408605e-01,9.001323818164813639e-01,2.000000000000000000e+01
1.139534712925432292e+00,9.047295000866458770e-01,9.021913310469809044e-01,2.000000000000000000e+01
1.149534712925432300e+00,9.066724297910508934e-01,9.042502802774804449e-01,2.000000000000000000e+01
1.159534712925432309e+00,9.086020779923974500e-01,9.063092295079800964e-01,2.000000000000000000e+01
1.169534712925432318e+00,9.104341348908095988e-01,9.083681787384796369e-01,2.000000000000000000e+01
1.179534712925432327e+00,9.122661917892218586e-01,9.103091172343260595e-01,2.000000000000000000e+01
1.189534712925432336e+00,9.140982486876340074e-01,9.121740297903039307e-01,2.000000000000000000e+01
1.199534712925432345e+00,9.159303055860461562e-01,9.140389423462820240e-01,2.000000000000000000e+01
1.209534712925432354e+00,9.177623624844584160e-01,9.159038549022600062e-01,2.000000000000000000e+01
1.219534712925432363e+00,9.195944193828706759e-01,9.177687674582377664e-01,2.000000000000000000e+01
1.229534712925432371e+00,9.214264762812829357e-01,9.196336800142158596e-01,2.000000000000000000e+01
1.239534712925432380e+00,9.232585331796950845e-01,9.214985925701939529e-01,2.000000000000000000e+01
1.249534712925432389e+00,9.250905900781073443e-01,9.233635051261717130e-01,2.000000000000000000e+01
1.259534712925432398e+00,9.269226469765194931e-01,9.252284176821496953e-01,2.000000000000000000e+01
1.269534712925432407e+00,9.287547038749316419e-01,9.270933302381276775e-01,2.000000000000000000e+01
1.279534712925432416e+00,9.305867607733439018e-01,9.289582427941056597e-01,2.000000000000000000e+01
1.289534712925432425e+00,9.324188176717561616e-01,9.308231553500836419e-01,2.000000000000000000e+01
1.299534712925432434e+00,9.342786121766228913e-01,9.326880679060616242e-01,2.000000000000000000e+01
1.309534712925432443e+00,9.361430534031027761e-01,9.345529804620396064e-01,2.000000000000000000e+01
1.319534712925432451e+00,9.380074946295825500e-01,9.364178930180175886e-01,2.000000000000000000e+01
1.329534712925432460e+00,9.398719358560624348e-01,9.382828055739955708e-01,2.000000000000000000e+01
1.339534712925432469e+00,9.417363770825422087e-01,9.401477181299735530e-01,2.000000000000000000e+01
1.349534712925432478e+00,9.436008183090220935e-01,9.420126306859515353e-01,2.000000000000000000e+01
1.359534712925432487e+00,9.454652595355019784e-01,9.438775432419295175e-01,2.000000000000000000e+01
1.369534712925432496e+00,9.473297007619818633e-01,9.457424557979074997e-01,2.000000000000000000e+01
1.379534712925432505e+00,9.491941419884615261e-01,9.476073683538854819e-01,2.000000000000000000e+01
1.389534712925432514e+00,9.510585832149414109e-01,9.494722809098634642e-01,2.000000000000000000e+01
1.399534712925432522e+00,9.529230244414211848e-01,9.513371934658414464e-01,2.000000000000000000e+01
1.409534712925432531e+00,9.547874656679010696e-01,9.532021060218193176e-01,2.000000000000000000e+01
1.419534712925432540e+00,9.566519068943809545e-01,9.550636041927963449e-01,2.000000000000000000e+01
1.429534712925432549e+00,9.585163481208607283e-01,9.567177148096536188e-01,2.000000000000000000e+01
1.439534712925432558e+00,9.603807893473406132e-01,9.583718254265107817e-01,2.000000000000000000e+01
1.449534712925432567e+00,9.621342843971337766e-01,9.600259360433679445e-01,2.000000000000000000e+01
1.459534712925432576e+00,9.638591513176237857e-01,9.616800466602252184e-01,2.000000000000000000e+01
1.469534712925432585e+00,9.655840182381137948e-01,9.633341572770823813e-01,2.000000000000000000e+01
1.479534712925432371e+00,9.673088851586035819e-01,9.649882678939395442e-01,2.000000000000000000e+01
1.489534712925432602e+00,9.690337520790937020e-01,9.666423785107967070e-01,2.000000000000000000e+01
1.499534712925432833e+00,9.707586189995836001e-01,9.682964891276539809e-01,2.000000000000000000e+01
1.509534712925432620e+00,9.724834859200736092e-01,9.699505997445110328e-01,2.000000000000000000e+01
1.519534712925432407e+00,9.742083528405635073e-01,9.716047103613683067e-01,2.000000000000000000e+01
1.529534712925432638e+00,9.759332197610535165e-01,9.732588209782255806e-01,2.000000000000000000e+01
1.539534712925432869e+00,9.776580866815435256e-01,9.749129315950827435e-01,2.000000000000000000e+01
1.549534712925432656e+00,9.793829536020334237e-01,9.765670422119399063e-01,2.000000000000000000e+01
1.559534712925432443e+00,9.811078205225234328e-01,9.782211528287970692e-01,2.000000000000000000e+01
1.569534712925432673e+00,9.828326874430133309e-01,9.798752634456543431e-01,2.000000000000000000e+01
1.579534712925432904e+00,9.845575543635034510e-01,9.815293740625115060e-01,2.000000000000000000e+01
1.589534712925432691e+00,9.862824212839932381e-01,9.831834846793687799e-01,2.000000000000000000e+01
1.599534712925432478e+00,9.880072882044831362e-01,9.848375952962258317e-01,2.000000000000000000e+01
1.609534712925432709e+00,9.897321551249732563e-01,9.864917059130831056e-01,2.000000000000000000e+01
1.619534712925432940e+00,9.912890693252438545e-01,9.881458165299403795e-01,2.000000000000000000e+01
1.629534712925432727e+00,9.928397438447245094e-01,9.897999271467975424e-01,2.000000000000000000e+01
1.639534712925432514e+00,9.943904183642050532e-01,9.914540377636547053e-01,2.000000000000000000e+01
1.649534712925432745e+00,9.959410928836858190e-01,9.931081483805119792e-01,2.000000000000000000e+01
1.659534712925432975e+00,9.974917674031664738e-01,9.947622589973691420e-01,2.000000000000000000e+01
1.669534712925432762e+00,9.990424419226470176e-01,9.964163696142263049e-01,2.000000000000000000e+01
1.679534712925432549e+00,1.000593116442127783e+00,9.980704802310834678e-01,2.000000000000000000e+01
1.689534712925432780e+00,1.002143790961608438e+00,9.997245908479406307e-01,2.000000000000000000e+01
1.699534712925433011e+00,1.003694465481089093e+00,1.001378701464797905e+00,2.000000000000000000e+01
1.709534712925432798e+00,1.005245140000569748e+00,1.002998320995327708e+00,2.000000000000000000e+01
1.719534712925432585e+00,1.006795814520050403e+00,1.004483348869427362e+00,2.000000000000000000e+01
1.729534712925432816e+00,1.008346489039531058e+00,1.005968376743527015e+00,2.000000000000000000e+01
1.739534712925433046e+00,1.009897163559011712e+00,1.007453404617626447e+00,2.000000000000000000e+01
1.749534712925432833e+00,1.011447838078492367e+00,1.008938432491726322e+00,2.000000000000000000e+01
1.759534712925432620e+00,1.012998512597973022e+00,1.010423460365825754e+00,2.000000000000000000e+01
1.769534712925432851e+00,1.014549187117453677e+00,1.011908488239925630e+00,2.000000000000000000e+01
1.779534712925433082e+00,1.016099861636934332e+00,1.013393516114025283e+00,2.000000000000000000e+01
1.789534712925432869e+00,1.017650536156414987e+00,1.014878543988124937e+00,2.000000000000000000e+01
1.799534712925432656e+00,1.019189456525665616e+00,1.016363571862224591e+00,2.000000000000000000e+01
1.809534712925432887e+00,1.020649728507028842e+00,1.017848599736324022e+00,2.000000000000000000e+01
1.819534712925433118e+00,1.022110000488392290e+00,1.019333627610423898e+00,2.000000000000000000e+01
1.829534712925432904e+00,1.023570272469755515e+00,1.020818655484523552e+00,2.000000000000000000e+01
1.839534712925432691e+00,1.025030544451118741e+00,1.022303683358623205e+00,2.000000000000000000e+01
1.849534712925432922e+00,1.026490816432481967e+00,1.023788711232722859e+00,2.000000000000000000e+01
1.859534712925433153e+00,1.027951088413845415e+00,1.025273739106822513e+00,2.000000000000000000e+01
1.869534712925432940e+00,1.029411360395208641e+00,1.026758766980922166e+00,2.000000000000000000e+01
1.879534712925432727e+00,1.030871632376572089e+00,1.028243794855021820e+00,2.000000000000000000e+01
1.889534712925432958e+00,1.032331904357935537e+00,1.029728822729121474e+00,2.000000000000000000e+01
1.899534712925433189e+00,1.033792176339298541e+00,1.031213850603221127e+00,2.000000000000000000e+01
1.909534712925432975e+00,1.035252448320661989e+00,1.032698878477320781e+00,2.000000000000000000e+01
1.919534712925432762e+00,1.036712720302025215e+00,1.034183906351420434e+00,2.000000000000000000e+01
1.929534712925432993e+00,1.038172992283388663e+00,1.035668934225520088e+00,2.000000000000000000e+01
1.939534712925433224e+00,1.039633264264752111e+00,1.037153962099619742e+00,2.000000000000000000e+01
1.949534712925433011e+00,1.041093536246115114e+00,1.038638989973719395e+00,2.000000000000000000e+01
1.959534712925432798e+00,1.042553808227478562e+00,1.040124017847819049e+00,2.000000000000000000e+01
1.969534712925433029e+00,1.044014080208842010e+00,1.041609045721918703e+00,2.000000000000000000e+01
1.979534712925433260e+00,1.045474352190205236e+00,1.043094073596018578e+00,2.000000000000000000e+01
1.989534712925433046e+00,1.046934624171568462e+00,1.044579101470118010e+00,2.000000000000000000e+01
1.999534712925432833e+00,1.048394896152931688e+00,1.046064129344217664e+00,2.000000000000000000e+01
2.009534712925432842e+00,1.049855168134295136e+00,1.047549157218317317e+00,2.000000000000000000e+01
2.019534712925433517e+00,1.051270167751839235e+00,1.049034185092417193e+00,2.000000000000000000e+01
2.029534712925433304e+00,1.052667412798494961e+00,1.050519212966516625e+00,2.000000000000000000e+01
2.039534712925433091e+00,1.054064657845150688e+00,1.052004240840616278e+00,2.000000000000000000e+01
2.049534712925432878e+00,1.055461902891806414e+00,1.053467682514495074e+00,2.000000000000000000e+01
2.059534712925433553e+00,1.056859147938462362e+00,1.054840648364819611e+00,2.000000000000000000e+01
2.069534712925433340e+00,1.058256392985117866e+00,1.056213614215144148e+00,2.000000000000000000e+01
2.079534712925433126e+00,1.059653638031773815e+00,1.057586580065468462e+00,2.000000000000000000e+01
2.089534712925432913e+00,1.061050883078429541e+00,1.058959545915792999e+00,2.000000000000000000e+01
2.099534712925433588e+00,1.062448128125085489e+00,1.060332511766117314e+00,2.000000000000000000e+01
2.109534712925433375e+00,1.063845373171741215e+00,1.061705477616441851e+00,2.000000000000000000e+01
2.119534712925433162e+00,1.065242618218396942e+00,1.063078443466766165e+00,2.000000000000000000e+01
2.129534712925432949e+00,1.066639863265052668e+00,1.064451409317090480e+00,2.000000000000000000e+01
2.139534712925433624e+00,1.068037108311708394e+00,1.065824375167415239e+00,2.000000000000000000e+01
2.149534712925433411e+00,1.069434353358364120e+00,1.067197341017739554e+00,2.000000000000000000e+01
2.159534712925433197e+00,1.070831598405019847e+00,1.068570306868064090e+00,2.000000000000000000e+01
2.169534712925432984e+00,1.072228843451675573e+00,1.069943272718388627e+00,2.000000000000000000e+01
2.179534712925433659e+00,1.073626088498331521e+00,1.071316238568712942e+00,2.000000000000000000e+01
2.189534712925433446e+00,1.075023333544987247e+00,1.072689204419037479e+00,2.000000000000000000e+01
2.199534712925433233e+00,1.076420578591642974e+00,1.074062170269362015e+00,2.000000000000000000e+01
2.209534712925433020e+00,1.077817823638298700e+00,1.075435136119686330e+00,2.000000000000000000e+01
2.219534712925433695e+00,1.079215068684954648e+00,1.076808101970010867e+00,2.000000000000000000e+01
2.229534712925433482e+00,1.080612313731610374e+00,1.078181067820335182e+00,2.000000000000000000e+01
2.239534712925433269e+00,1.082009558778266101e+00,1.079554033670659718e+00,2.000000000000000000e+01
2.249534712925433055e+00,1.083406803824921827e+00,1.080926999520984033e+00,2.000000000000000000e+01
2.259534712925433730e+00,1.084795629590115329e+00,1.082299965371308570e+00,2.000000000000000000e+01
2.269534712925433517e+00,1.086136193329353850e+00,1.083672931221633107e+00,2.000000000000000000e+01
2.279534712925433304e+00,1.087476757068592592e+00,1.085045897071957421e+00,2.000000000000000000e+01
2.289534712925433091e+00,1.088817320807831113e+00,1.086418862922281958e+00,2.000000000000000000e+01
2.299534712925433766e+00,1.090157884547070077e+00,1.087791828772606495e+00,2.000000000000000000e+01
2.309534712925433553e+00,1.091498448286308598e+00,1.089164794622930810e+00,2.000000000000000000e+01
2.319534712925433340e+00,1.092839012025547341e+00,1.090537760473255346e+00,2.000000000000000000e+01
2.329534712925433126e+00,1.094179575764786083e+00,1.091910726323579661e+00,2.000000000000000000e+01
2.339534712925433801e+00,1.095520139504024826e+00,1.093283692173904420e+00,2.000000000000000000e+01
2.349534712925433588e+00,1.096860703243263346e+00,1.094656658024228735e+00,2.000000000000000000e+01
2.359534712925433375e+00,1.098201266982502089e+00,1.096029623874553049e+00,2.000000000000000000e+01
2.369534712925433162e+00,1.099541830721740610e+00,1.097402589724877586e+00,2.000000000000000000e+01
2.379534712925433837e+00,1.100882394460979352e+00,1.098775555575202123e+00,2.000000000000000000e+01
2.389534712925433624e+00,1.102222958200218095e+00,1.100148521425526438e+00,2.000000000000000000e+01
2.399534712925433411e+00,1.103563521939456837e+00,1.101521487275850975e+00,2.000000000000000000e+01
2.409534712925433197e+00,1.104904085678695580e+00,1.102894453126175289e+00,2.000000000000000000e+01
2.419534712925433872e+00,1.106244649417934323e+00,1.104267418976499826e+00,2.000000000000000000e+01
2.429534712925433659e+00,1.107585213157173065e+00,1.105640384826824363e+00,2.000000000000000000e+01
2.439534712925433446e+00,1.108925776896411586e+00,1.107013350677148678e+00,2.000000000000000000e+01
2.449534712925433233e+00,1.110266340635650328e+00,1.108386316527473214e+00,2.000000000000000000e+01
2.459534712925433908e+00,1.111606904374888849e+00,1.109704902386379866e+00,2.000000000000000000e+01
-1.974184568826271302e-01,0.000000000000000000e+00,0.000000000000000000e+00,2.500000000000000000e+01
-1.874184568826271213e-01,9.248121890770486658e-03,8.217642954339380787e-03,2.500000000000000000e+01
-1.774184568826271124e-01,1.829440893551688430e-02,1.734835734804969151e-02,2.500000000000000000e+01
-1.674184568826271036e-01,2.724128352284086937e-02,2.642891739954638178e-02,2.500000000000000000e+01
-1.574184568826270947e-01,3.618815811016485445e-02,3.539254276319896836e-02,2.500000000000000000e+01
-1.474184568826270858e-01,4.513503269748883606e-02,4.435616812685155147e-02,2.500000000000000000e+01
-1.374184568826270769e-01,5.408190728481281767e-02,5.331979349050413458e-02,2.500000000000000000e+01
-1.274184568826270680e-01,6.302878187213681316e-02,6.228341885415672463e-02,2.500000000000000000e+01
-1.174184568826270592e-01,7.197565645946078783e-02,7.124704421780930774e-02,2.500000000000000000e+01
-1.074184568826270503e-01,8.092253104678477638e-02,8.021066958146189085e-02,2.500000000000000000e+01
-9.741845688262704139e-02,8.986940563410876492e-02,8.917429494511447396e-02,2.500000000000000000e+01
-8.741845688262703251e-02,9.881628022143275347e-02,9.813792030876705708e-02,2.500000000000000000e+01
-7.741845688262702363e-02,1.077631548087567281e-01,1.071015456724196402e-01,2.500000000000000000e+01
-6.741845688262701475e-02,1.167100293960807167e-01,1.160651710360722233e-01,2.500000000000000000e+01
-5.741845688262700587e-02,1.256569039834047052e-01,1.250287963997248064e-01,2.500000000000000000e+01
-4.741845688262699698e-02,1.346037785707286938e-01,1.339924217633773895e-01,2.500000000000000000e+01
-3.741845688262698810e-02,1.435506531580526546e-01,1.429560471270299726e-01,2.500000000000000000e+01
-2.741845688262697922e-02,1.524975277453766431e-01,1.519196724906825557e-01,2.500000000000000000e+01
-1.741845688262697034e-02,1.614444023327006317e-01,1.608832978543351389e-01,2.500000000000000000e+01
-7.418456882626961457e-03,1.703912769200246202e-01,1.698469232179877220e-01,2.500000000000000000e+01
2.581543117373047425e-03,1.793381515073486088e-01,1.788105485816403051e-01,2.500000000000000000e+01
1.258154311737305631e-02,1.882850260946725973e-01,1.877741739452928882e-01,2.500000000000000000e+01
2.258154311737306519e-02,1.972319006819965581e-01,1.967377993089454713e-01,2.500000000000000000e+01
3.258154311737307407e-02,2.061787752693205744e-01,2.057014246725980544e-01,2.500000000000000000e+01
4.258154311737308295e-02,2.151256498566445352e-01,2.144720405809458497e-01,2.500000000000000000e+01
5.258154311737309183e-02,2.240725244439685238e-01,2.229747668396725724e-01,2.500000000000000000e+01
6.258154311737310072e-02,2.330193990312925401e-01,2.314774930983992951e-01,2.500000000000000000e+01
7.258154311737310960e-02,2.411655248534463336e-01,2.399802193571260178e-01,2.500000000000000000e+01
8.258154311737311848e-02,2.492979267588296133e-01,2.484829456158527683e-01,2.500000000000000000e+01
9.258154311737312736e-02,2.574303286642128930e-01,2.567194170229945560e-01,2.500000000000000000e+01
1.025815431173731362e-01,2.655627305695961171e-01,2.648689712319655665e-01,2.500000000000000000e+01
1.125815431173731451e-01,2.736951324749793968e-01,2.730185254409366324e-01,2.500000000000000000e+01
1.225815431173731540e-01,2.818275343803626765e-01,2.811680796499076429e-01,2.500000000000000000e+01
1.325815431173731629e-01,2.899599362857459006e-01,2.893176338588786534e-01,2.500000000000000000e+01
1.425815431173731718e-01,2.980923381911292358e-01,2.974671880678497193e-01,2.500000000000000000e+01
1.525815431173731807e-01,3.062247400965124600e-01,3.056167422768207853e-01,2.500000000000000000e+01
1.625815431173731895e-01,3.143571420018957396e-01,3.137662964857917958e-01,2.500000000000000000e+01
1.725815431173731984e-01,3.224895439072790193e-01,3.219158506947628062e-01,2.500000000000000000e+01
1.825815431173732073e-01,3.306219458126622435e-01,3.300654049037338722e-01,2.500000000000000000e+01
1.925815431173732162e-01,3.387543477180455787e-01,3.382149591127048827e-01,2.500000000000000000e+01
2.025815431173732251e-01,3.468867496234288028e-01,3.458937470264000780e-01,2.500000000000000000e+01
2.125815431173732339e-01,3.550191515288120825e-01,3.535677188452538422e-01,2.500000000000000000e+01
2.225815431173732428e-01,3.625266160412604632e-01,3.612416906641076064e-01,2.500000000000000000e+01
2.325815431173732517e-01,3.700012129433949415e-01,3.689156624829613706e-01,2.500000000000000000e+01
2.425815431173732606e-01,3.774758098455294197e-01,3.765896343018151349e-01,2.500000000000000000e+01
2.525815431173732417e-01,3.849504067476638980e-01,3.842636061206688991e-01,2.500000000000000000e+01
2.625815431173732506e-01,3.924250036497983762e-01,3.917950890996407809e-01,2.500000000000000000e+01
2.725815431173732595e-01,3.998996005519328545e-01,3.992808360082133468e-01,2.500000000000000000e+01
2.825815431173732684e-01,4.073741974540674438e-01,4.067665829167859681e-01,2.500000000000000000e+01
2.925815431173732772e-01,4.148487943562019220e-01,4.142523298253586450e-01,2.500000000000000000e+01
3.025815431173732861e-01,4.223233912583364003e-01,4.217380767339312664e-01,2.500000000000000000e+01
3.125815431173732950e-01,4.297979881604708785e-01,4.292238236425038878e-01,2.500000000000000000e+01
3.225815431173733039e-01,4.372725850626053568e-01,4.367095705510765091e-01,2.500000000000000000e+01
3.325815431173733128e-01,4.447471819647397795e-01,4.437614349991645946e-01,2.500000000000000000e+01
3.425815431173733216e-01,4.517072001362043565e-01,4.507354774058300317e-01,2.500000000000000000e+01
3.525815431173733305e-01,4.586224838471889553e-01,4.577095198124955244e-01,2.500000000000000000e+01
3.625815431173733394e-01,4.655377675581735541e-01,4.646835622191609061e-01,2.500000000000000000e+01
3.725815431173733483e-01,4.724530512691581530e-01,4.716576046258263433e-01,2.500000000000000000e+01
3.825815431173733572e-01,4.793683349801427518e-01,4.786316470324917249e-01,2.500000000000000000e+01
3.925815431173733661e-01,4.862836186911273506e-01,4.856056894391572176e-01,2.500000000000000000e+01
4.025815431173733749e-01,4.931989024021119494e-01,4.925255424186044673e-01,2.500000000000000000e+01
4.125815431173733838e-01,5.001141861130966593e-01,4.991651664846008529e-01,2.500000000000000000e+01
4.225815431173733927e-01,5.070294698240812581e-01,5.058047905505973496e-01,2.500000000000000000e+01
4.325815431173734016e-01,5.139447535350657459e-01,5.124444146165937353e-01,2.500000000000000000e+01
4.425815431173734105e-01,5.207408521200813656e-01,5.190840386825901209e-01,2.500000000000000000e+01
4.525815431173734193e-01,5.271596086274152881e-01,5.257236627485865066e-01,2.500000000000000000e+01
4.625815431173734282e-01,5.335783651347492107e-01,5.323632868145828922e-01,2.500000000000000000e+01
4.725815431173734371e-01,5.399971216420831333e-01,5.390029108805793889e-01,2.500000000000000000e+01
4.825815431173734460e-01,5.464158781494170558e-01,5.456425349465757746e-01,2.500000000000000000e+01
4.925815431173734549e-01,5.528346346567509784e-01,5.520350829990050556e-01,2.500000000000000000e+01
5.025815431173734638e-01,5.592533911640849009e-01,5.582485527152138971e-01,2.500000000000000000e+01
5.125815431173734726e-01,5.656721476714188235e-01,5.644620224314226276e-01,2.500000000000000000e+01
5.225815431173734815e-01,5.720909041787527460e-01,5.706754921476313580e-01,2.500000000000000000e+01
5.325815431173734904e-01,5.785096606860866686e-01,5.768889618638401995e-01,2.500000000000000000e+01
5.425815431173734993e-01,5.848195146044976589e-01,5.831024315800489299e-01,2.500000000000000000e+01
5.525815431173735082e-01,5.907882509866309029e-01,5.893159012962576604e-01,2.500000000000000000e+01
5.625815431173735170e-01,5.967569873687641469e-01,5.955293710124665019e-01,2.500000000000000000e+01
5.725815431173735259e-01,6.027257237508973908e-01,6.017428407286752323e-01,2.500000000000000000e+01
5.825815431173735348e-01,6.086944601330306348e-01,6.079563104448840738e-01,2.500000000000000000e+01
5.925815431173735437e-01,6.146631965151638788e-01,6.145035471045965370e-01,2.500000000000000000e+01
6.025815431173735526e-01,6.206319328972970117e-01,6.210653976593071279e-01,2.500000000000000000e+01
6.125815431173735615e-01,6.266006692794302557e-01,6.276272482140176079e-01,2.500000000000000000e+01
6.225815431173735703e-01,6.325694056615634997e-01,6.341890987687283099e-01,2.500000000000000000e+01
6.325815431173735792e-01,6.385381420436967437e-01,6.407509493234389009e-01,2.500000000000000000e+01
6.425815431173735881e-01,6.443840958241495720e-01,6.473127998781493808e-01,2.500000000000000000e+01
6.525815431173735970e-01,6.525815431173735970e-01,6.538746504328598608e-01,2.500000000000000000e+01
6.625815431173736059e-01,6.625815431173736059e-01,6.604365009875704517e-01,2.500000000000000000e+01
6.725815431173736147e-01,6.725815431173736147e-01,6.669983515422809317e-01,2.500000000000000000e+01
6.825815431173736236e-01,6.825815431173736236e-01,6.735602020969916337e-01,2.500000000000000000e+01
6.925815431173736325e-01,6.925815431173736325e-01,6.801237171206822030e-01,2.500000000000000000e+01
7.025815431173736414e-01,7.021182455173998749e-01,6.866989173229944843e-01,2.500000000000000000e+01
7.125815431173736503e-01,7.074933014676166865e-01,6.932741175253067656e-01,2.500000000000000000e+01
7.225815431173736592e-01,7.128683574178333870e-01,6.998493177276191579e-01,2.500000000000000000e+01
7.325815431173736680e-01,7.182434133680503097e-01,7.064245179299314392e-01,2.500000000000000000e+01
7.425815431173736769e-01,7.236184693182672323e-01,7.129997181322438315e-01,2.500000000000000000e+01
7.525815431173736858e-01,7.289935252684839329e-01,7.195749183345561129e-01,2.500000000000000000e+01
7.625815431173736947e-01,7.343685812187007445e-01,7.261501185368683942e-01,2.500000000000000000e+01
7.725815431173737036e-01,7.397436371689175560e-01,7.327253187391806755e-01,2.500000000000000000e+01
7.825815431173737124e-01,7.451186931191344787e-01,7.393005189414929568e-01,2.500000000000000000e+01
7.925815431173737213e-01,7.502268876448691115e-01,7.458757191438053491e-01,2.500000000000000000e+01
8.025815431173737302e-01,7.552678221258551927e-01,7.524509193461176304e-01,2.500000000000000000e+01
8.125815431173737391e-01,7.603087566068416070e-01,7.590261195484299117e-01,2.500000000000000000e+01
8.225815431173737480e-01,7.653496910878279103e-01,7.640925148727313321e-01,2.500000000000000000e+01
8.325815431173737569e-01,7.703906255688139915e-01,7.689358657278956288e-01,2.500000000000000000e+01
8.425815431173737657e-01,7.754315600498002947e-01,7.737792165830598146e-01,2.500000000000000000e+01
8.525815431173737746e-01,7.804724945307865980e-01,7.786225674382238893e-01,2.500000000000000000e+01
8.625815431173737835e-01,7.855134290117727902e-01,7.834659182933882970e-01,2.500000000000000000e+01
8.725815431173737924e-01,7.905543634927589824e-01,7.883092691485524828e-01,2.500000000000000000e+01
8.825815431173738013e-01,7.954540509963140549e-01,7.931526200037166685e-01,2.500000000000000000e+01
8.925815431173738101e-01,8.001346067305070697e-01,7.979959708588808542e-01,2.500000000000000000e+01
9.025815431173738190e-01,8.048151624646998625e-01,8.028393217140450400e-01,2.500000000000000000e+01
9.125815431173738279e-01,8.094957181988928774e-01,8.076826725692094477e-01,2.500000000000000000e+01
9.225815431173738368e-01,8.141762739330855592e-01,8.125260234243736335e-01,2.500000000000000000e+01
9.325815431173738457e-01,8.188568296672785740e-01,8.173693742795378192e-01,2.500000000000000000e+01
9.425815431173738546e-01,8.235373854014713668e-01,8.222127251347020049e-01,2.500000000000000000e+01
9.525815431173738634e-01,8.282179411356642706e-01,8.270560759898663017e-01,2.500000000000000000e+01
9.625815431173738723e-01,8.328984968698571745e-01,8.314201439680032335e-01,2.500000000000000000e+01
9.725815431173738812e-01,8.375790526040501893e-01,8.357555504041579431e-01,2.500000000000000000e+01
9.825815431173738901e-01,8.420330270469560396e-01,8.400909568403127636e-01,2.500000000000000000e+01
9.925815431173738990e-01,8.464163411166609752e-01,8.444263632764674732e-01,2.500000000000000000e+01
1.002581543117373908e+00,8.507996551863659107e-01,8.487617697126224048e-01,2.500000000000000000e+01
1.012581543117373917e+00,8.551829692560706242e-01,8.530971761487771143e-01,2.500000000000000000e+01
1.022581543117373926e+00,8.595662833257756708e-01,8.574325825849319349e-01,2.500000000000000000e+01
1.032581543117373934e+00,8.639495973954804953e-01,8.617679890210867555e-01,2.500000000000000000e+01
1.042581543117373943e+00,8.683329114651854308e-01,8.661033954572414650e-01,2.500000000000000000e+01
1.052581543117373952e+00,8.727162255348902553e-01,8.704388018933962856e-01,2.500000000000000000e+01
1.062581543117373961e+00,8.770995396045951908e-01,8.747742083295511062e-01,2.500000000000000000e+01
1.072581543117373970e+00,8.814828536743001264e-01,8.791096147657058157e-01,2.500000000000000000e+01
1.082581543117373979e+00,8.856332968153954877e-01,8.834450212018605253e-01,2.500000000000000000e+01
1.092581543117373988e+00,8.896922607791042381e-01,8.877804276380153459e-01,2.500000000000000000e+01
1.102581543117373997e+00,8.937512247428129886e-01,8.921158340741701664e-01,2.500000000000000000e+01
1.112581543117374006e+00,8.978101887065216280e-01,8.964363149956098287e-01,2.500000000000000000e+01
1.122581543117374014e+00,9.018691526702302674e-01,9.002738609456555352e-01,2.500000000000000000e+01
1.132581543117374023e+00,9.059281166339391289e-01,9.041114068957013528e-01,2.500000000000000000e+01
1.142581543117374032e+00,9.099870805976477683e-01,9.079489528457471703e-01,2.500000000000000000e+01
1.152581543117374041e+00,9.140460445613565188e-01,9.117864987957928768e-01,2.500000000000000000e+01
1.162581543117374050e+00,9.181050085250652693e-01,9.156240447458385834e-01,2.500000000000000000e+01
1.172581543117374059e+00,9.221639724887740197e-01,9.194615906958845120e-01,2.500000000000000000e+01
1.182581543117374068e+00,9.261483744372589477e-01,9.232991366459302185e-01,2.500000000000000000e+01
1.192581543117374077e+00,9.298785265189772886e-01,9.271366825959761471e-01,2.500000000000000000e+01
1.202581543117374085e+00,9.336086786006955185e-01,9.309742285460218536e-01,2.500000000000000000e+01
1.212581543117374094e+00,9.373388306824137484e-01,9.348117744960675601e-01,2.500000000000000000e+01
1.222581543117374103e+00,9.410689827641318672e-01,9.386493204461132667e-01,2.500000000000000000e+01
1.232581543117374112e+00,9.447991348458500971e-01,9.424868663961591952e-01,2.500000000000000000e+01
1.242581543117374121e+00,9.485292869275683270e-01,9.463244123462049018e-01,2.500000000000000000e+01
1.252581543117374130e+00,9.522594390092866679e-01,9.501619582962506083e-01,2.500000000000000000e+01
1.262581543117374139e+00,9.559895910910047867e-01,9.539995042462964259e-01,2.500000000000000000e+01
1.272581543117374148e+00,9.597197431727231276e-01,9.578370501963422434e-01,2.500000000000000000e+01
1.282581543117374157e+00,9.634498952544413575e-01,9.616745961463880610e-01,2.500000000000000000e+01
1.292581543117374165e+00,9.671136266415286675e-01,9.655121420964337675e-01,2.500000000000000000e+01
1.302581543117374174e+00,9.705232156940433175e-01,9.689304154122341250e-01,2.500000000000000000e+01
1.312581543117374183e+00,9.739328047465578564e-01,9.722051447446290462e-01,2.500000000000000000e+01
1.322581543117374192e+00,9.773423937990723953e-01,9.754798740770239673e-01,2.500000000000000000e+01
1.332581543117374201e+00,9.807519828515869342e-01,9.787546034094188885e-01,2.500000000000000000e+01
1.342581543117374210e+00,9.841615719041014732e-01,9.820293327418138096e-01,2.500000000000000000e+01
1.352581543117374219e+00,9.875711609566161231e-01,9.853040620742087308e-01,2.500000000000000000e+01
1.362581543117374228e+00,9.909807500091306620e-01,9.885787914066036519e-01,2.500000000000000000e+01
1.372581543117374236e+00,9.943903390616453120e-01,9.918535207389985731e-01,2.500000000000000000e+01
1.382581543117374245e+00,9.977999281141598509e-01,9.951282500713934942e-01,2.500000000000000000e+01
1.392581543117374254e+00,1.001209517166674390e+00,9.984029794037884153e-01,2.500000000000000000e+01
1.402581543117374263e+00,1.004619106219188929e+00,1.001677708736183225e+00,2.500000000000000000e+01
1.412581543117374272e+00,1.007870783235911727e+00,1.004952438068578147e+00,2.500000000000000000e+01
1.422581543117374281e+00,1.010990620522001171e+00,1.008227167400973068e+00,2.500000000000000000e+01
1.432581543117374290e+00,1.014110457808090615e+00,1.011501896733367989e+00,2.500000000000000000e+01
1.442581543117374299e+00,1.017230295094179837e+00,1.014776626065762910e+00,2.500000000000000000e+01
1.452581543117374308e+00,1.020350132380269503e+00,1.018051355398157831e+00,2.500000000000000000e+01
1.462581543117374316e+00,1.023469969666358725e+00,1.021326084730552530e+00,2.500000000000000000e+01
1.472581543117374325e+00,1.026589806952448392e+00,1.024600814062947673e+00,2.500000000000000000e+01
1.482581543117374334e+00,1.029709644238537614e+00,1.027875543395342373e+00,2.500000000000000000e+01
1.492581543117374343e+00,1.032829481524627058e+00,1.031150272727737294e+00,2.500000000000000000e+01
1.502581543117374352e+00,1.035949318810716502e+00,1.034425002060132215e+00,2.500000000000000000e+01
1.512581543117374361e+00,1.039069156096805946e+00,1.037410875785615749e+00,2.500000000000000000e+01
1.522581543117374370e+00,1.042188993382895168e+00,1.040210660346700511e+00,2.500000000000000000e+01
1.532581543117374379e+00,1.045289931462669353e+00,1.043010444907785494e+00,2.500000000000000000e+01
1.542581543117374387e+00,1.048143845960246789e+00,1.045810229468870034e+00,2.500000000000000000e+01
1.552581543117374396e+00,1.050997760457824226e+00,1.048610014029954796e+00,2.500000000000000000e+01
1.562581543117374405e+00,1.053851674955401663e+00,1.051409798591039557e+00,2.500000000000000000e+01
1.572581543117374414e+00,1.056705589452979321e+00,1.054209583152124541e+00,2.500000000000000000e+01
1.582581543117374423e+00,1.059559503950556758e+00,1.057009367713209080e+00,2.500000000000000000e+01
1.592581543117374432e+00,1.062413418448134195e+00,1.059809152274294064e+00,2.500000000000000000e+01
1.602581543117374441e+00,1.065267332945711631e+00,1.062608936835378604e+00,2.500000000000000000e+01
1.612581543117374450e+00,1.068121247443289290e+00,1.065408721396463587e+00,2.500000000000000000e+01
1.622581543117374459e+00,1.070975161940866727e+00,1.068208505957548127e+00,2.500000000000000000e+01
1.632581543117374467e+00,1.073829076438444385e+00,1.071008290518633110e+00,2.500000000000000000e+01
1.642581543117374476e+00,1.076682990936021822e+00,1.073808075079717872e+00,2.500000000000000000e+01
1.652581543117374485e+00,1.079536905433599259e+00,1.076607859640802634e+00,2.500000000000000000e+01
1.662581543117374494e+00,1.082390819931176695e+00,1.079407644201887395e+00,2.500000000000000000e+01
1.672581543117374503e+00,1.085101807609283764e+00,1.082207428762972157e+00,2.500000000000000000e+01
1.682581543117374512e+00,1.087720155250262222e+00,1.085007213324056918e+00,2.500000000000000000e+01
1.692581543117374521e+00,1.090338502891240902e+00,1.087806997885141680e+00,2.500000000000000000e+01
1.702581543117374530e+00,1.092956850532219581e+00,1.090606782446226442e+00,2.500000000000000000e+01
1.712581543117374538e+00,1.095575198173198261e+00,1.093406567007311203e+00,2.500000000000000000e+01
1.722581543117374547e+00,1.098193545814176941e+00,1.096206351568395965e+00,2.500000000000000000e+01
1.732581543117374556e+00,1.100811893455155399e+00,1.099006136129480726e+00,2.500000000000000000e+01
1.742581543117374565e+00,1.103430241096134301e+00,1.101805920690565488e+00,2.500000000000000000e+01
1.752581543117374574e+00,1.106048588737112981e+00,1.104599709389362250e+00,2.500000000000000000e+01
1.762581543117374583e+00,1.108666936378091439e+00,1.107029313260023295e+00,2.500000000000000000e+01
1.772581543117374592e+00,1.111285284019070119e+00,1.109458917130684563e+00,2.500000000000000000e+01
1.782581543117374601e+00,1.113903631660048799e+00,1.111888521001345387e+00,2.500000000000000000e+01
1.792581543117374610e+00,1.116521979301027478e+00,1.114318124872006432e+00,2.500000000000000000e+01
1.802581543117374618e+00,1.119140326942006380e+00,1.116747728742667700e+00,2.500000000000000000e+01
1.812581543117374405e+00,1.121758674582984838e+00,1.119177332613328524e+00,2.500000000000000000e+01
1.822581543117374636e+00,1.124190272574726590e+00,1.121606936483989791e+00,2.500000000000000000e+01
1.832581543117374867e+00,1.126607956411830980e+00,1.124036540354650837e+00,2.500000000000000000e+01
1.842581543117374654e+00,1.129025640248935369e+00,1.126466144225311883e+00,2.500000000000000000e+01
1.852581543117374441e+00,1.131443324086039537e+00,1.128895748095972928e+00,2.500000000000000000e+01
1.862581543117374672e+00,1.133861007923143926e+00,1.131325351966633974e+00,2.500000000000000000e+01
1.872581543117374903e+00,1.136278691760248538e+00,1.133754955837295242e+00,2.500000000000000000e+01
1.882581543117374689e+00,1.138696375597352706e+00,1.136184559707956065e+00,2.500000000000000000e+01
1.892581543117374476e+00,1.141114059434456873e+00,1.138614163578617111e+00,2.500000000000000000e+01
1.902581543117374707e+00,1.143531743271561485e+00,1.141043767449278157e+00,2.500000000000000000e+01
1.912581543117374938e+00,1.145949427108665875e+00,1.143473371319939424e+00,2.500000000000000000e+01
1.922581543117374725e+00,1.148367110945770264e+00,1.145902975190600470e+00,2.500000000000000000e+01
1.932581543117374512e+00,1.150784794782874432e+00,1.148332579061261516e+00,2.500000000000000000e+01
1.942581543117374743e+00,1.153202478619979043e+00,1.150762182931922561e+00,2.500000000000000000e+01
1.952581543117374974e+00,1.155620162457083433e+00,1.153191786802583607e+00,2.500000000000000000e+01
1.962581543117374760e+00,1.158037846294187601e+00,1.155621390673244653e+00,2.500000000000000000e+01
1.972581543117374547e+00,1.160455530131291990e+00,1.158050994543905698e+00,2.500000000000000000e+01
1.982581543117374778e+00,1.162750473164398279e+00,1.160480598414566966e+00,2.500000000000000000e+01
1.992581543117375009e+00,1.165008767145080615e+00,1.162910202285228012e+00,2.500000000000000000e+01
2.002581543117374796e+00,1.167267061125763172e+00,1.165339806155889057e+00,2.500000000000000000e+01
2.012581543117374583e+00,1.169525355106445286e+00,1.167769410026550103e+00,2.500000000000000000e+01
2.022581543117374814e+00,1.171783649087127621e+00,1.170199013897211149e+00,2.500000000000000000e+01
2.032581543117375045e+00,1.174041943067809957e+00,1.172628617767872194e+00,2.500000000000000000e+01
2.042581543117374832e+00,1.176300237048492292e+00,1.175007309985489856e+00,2.500000000000000000e+01
2.052581543117374618e+00,1.178558531029174627e+00,1.177187333954457849e+00,2.500000000000000000e+01
2.062581543117374849e+00,1.180816825009857185e+00,1.179367357923426063e+00,2.500000000000000000e+01
2.072581543117375080e+00,1.183075118990539742e+00,1.181547381892394055e+00,2.500000000000000000e+01
2.082581543117374867e+00,1.185333412971222078e+00,1.183727405861362270e+00,2.500000000000000000e+01
2.092581543117374654e+00,1.187591706951904413e+00,1.185907429830330040e+00,2.500000000000000000e+01
2.102581543117374885e+00,1.189850000932586749e+00,1.188087453799298032e+00,2.500000000000000000e+01
2.112581543117375116e+00,1.192108294913269084e+00,1.190267477768266247e+00,2.500000000000000000e+01
2.122581543117374903e+00,1.194366588893951420e+00,1.192447501737234239e+00,2.500000000000000000e+01
2.132581543117374689e+00,1.196624882874633977e+00,1.194627525706202231e+00,2.500000000000000000e+01
2.142581543117374920e+00,1.198883176855316313e+00,1.196807549675170224e+00,2.500000000000000000e+01
2.152581543117375151e+00,1.201141470835998648e+00,1.198987573644138438e+00,2.500000000000000000e+01
2.162581543117374938e+00,1.203307270263610729e+00,1.201167597613106430e+00,2.500000000000000000e+01
2.172581543117374725e+00,1.205446931173817404e+00,1.203347621582074423e+00,2.500000000000000000e+01
2.182581543117374956e+00,1.207586592084023858e+00,1.205527645551042415e+00,2.500000000000000000e+01
2.192581543117375187e+00,1.209726252994230755e+00,1.207707669520010629e+00,2.500000000000000000e+01
2.202581543117374974e+00,1.211865913904437209e+00,1.209887693488978400e+00,2.500000000000000000e+01
2.212581543117374760e+00,1.214005574814643662e+00,1.212067717457946614e+00,2.500000000000000000e+01
2.222581543117374991e+00,1.216145235724850560e+00,1.214247741426914606e+00,2.500000000000000000e+01
2.232581543117375222e+00,1.218284896635057013e+00,1.216427765395882599e+00,2.500000000000000000e+01
2.242581543117375009e+00,1.220424557545263688e+00,1.218607789364850813e+00,2.500000000000000000e+01
2.252581543117374796e+00,1.222564218455470142e+00,1.220787813333818583e+00,2.500000000000000000e+01
2.262581543117375027e+00,1.224703879365677039e+00,1.222967837302786798e+00,2.500000000000000000e+01
2.272581543117375258e+00,1.226843540275883715e+00,1.225147861271755012e+00,2.500000000000000000e+01
2.282581543117375045e+00,1.228983201186090168e+00,1.227327885240722782e+00,2.500000000000000000e+01
2.292581543117374832e+00,1.231122862096296622e+00,1.229507909209690775e+00,2.500000000000000000e+01
2.302581543117375062e+00,1.233262523006503297e+00,1.231687933178658989e+00,2.500000000000000000e+01
2.312581543117375293e+00,1.235402183916709973e+00,1.233867957147626981e+00,2.500000000000000000e+01
2.322581543117375080e+00,1.237541844826916648e+00,1.236047981116594974e+00,2.500000000000000000e+01
2.332581543117374867e+00,1.239681505737123102e+00,1.238228005085562966e+00,2.500000000000000000e+01
2.342581543117375098e+00,1.241821166647329777e+00,1.240408029054531180e+00,2.500000000000000000e+01
2.352581543117375329e+00,1.243960827557536453e+00,1.242588053023499173e+00,2.500000000000000000e+01
2.362581543117375116e+00,1.246052413601070219e+00,1.244768076992467165e+00,2.500000000000000000e+01
2.372581543117374903e+00,1.248102087052572973e+00,1.246948100961435157e+00,2.500000000000000000e+01
2.382581543117375134e+00,1.250151760504075726e+00,1.249097815240705511e+00,2.500000000000000000e+01
2.392581543117375364e+00,1.252201433955578480e+00,1.251120490295424492e+00,2.500000000000000000e+01
2.402581543117375151e+00,1.254251107407081012e+00,1.253143165350143251e+00,2.500000000000000000e+01
2.412581543117374938e+00,1.256300780858583765e+00,1.255165840404862232e+00,2.500000000000000000e+01
2.422581543117375169e+00,1.258350454310086519e+00,1.257188515459581213e+00,2.500000000000000000e+01
2.432581543117375400e+00,1.260400127761589273e+00,1.259211190514299972e+00,2.500000000000000000e+01
2.442581543117375187e+00,1.262449801213091805e+00,1.261233865569018953e+00,2.500000000000000000e+01
2.452581543117374974e+00,1.264499474664594558e+00,1.263256540623737489e+00,2.500000000000000000e+01
2.462581543117375205e+00,1.266549148116097312e+00,1.265279215678456692e+00,2.500000000000000000e+01
2.472581543117375436e+00,1.268598821567600066e+00,1.267301890733175451e+00,2.500000000000000000e+01
2.482581543117375222e+00,1.270648495019102597e+00,1.269324565787894432e+00,2.500000000000000000e+01
2.492581543117375009e+00,1.272698168470605351e+00,1.271347240842613413e+00,2.500000000000000000e+01
2.502581543117375240e+00,1.274747841922108105e+00,1.273369915897332394e+00,2.500000000000000000e+01
2.512581543117375471e+00,1.276797515373610858e+00,1.275392590952051153e+00,2.500000000000000000e+01
2.522581543117375258e+00,1.278847188825113612e+00,1.277415266006770134e+00,2.500000000000000000e+01
2.532581543117375045e+00,1.280896862276616144e+00,1.279437941061488893e+00,2.500000000000000000e+01
2.542581543117375276e+00,1.282946535728118898e+00,1.281460616116207873e+00,2.500000000000000000e+01
2.552581543117375507e+00,1.284996209179621651e+00,1.283483291170926854e+00,2.500000000000000000e+01
2.562581543117375293e+00,1.287045882631124405e+00,1.285505966225645835e+00,2.500000000000000000e+01
2.572581543117375080e+00,1.289095556082627159e+00,1.287528641280364372e+00,2.500000000000000000e+01
2.582581543117375311e+00,1.291145229534129690e+00,1.289551316335083575e+00,2.500000000000000000e+01
2.592581543117375542e+00,1.293159991769552208e+00,1.291573991389802334e+00,2.500000000000000000e+01
2.602581543117375329e+00,1.295144429244262874e+00,1.293596666444521315e+00,2.500000000000000000e+01
2.612581543117375116e+00,1.297128866718973539e+00,1.295619341499240074e+00,2.500000000000000000e+01
2.622581543117375347e+00,1.299113304193684204e+00,1.297642016553959055e+00,2.500000000000000000e+01
2.632581543117375578e+00,1.301097741668395091e+00,1.299664691608678035e+00,2.500000000000000000e+01
2.642581543117375364e+00,1.303082179143105757e+00,1.301687366663396794e+00,2.500000000000000000e+01
2.652581543117375151e+00,1.305066616617816422e+00,1.303710041718115775e+00,2.500000000000000000e+01
2.662581543117375382e+00,1.307051054092527309e+00,1.305732716772834756e+00,2.500000000000000000e+01
2.672581543117375613e+00,1.309035491567237974e+00,1.307755391827553515e+00,2.500000000000000000e+01
2.682581543117375400e+00,1.311019929041948640e+00,1.309778066882272274e+00,2.500000000000000000e+01
2.692581543117375187e+00,1.313004366516659305e+00,1.311800741936991255e+00,2.500000000000000000e+01
2.702581543117375418e+00,1.314988803991369970e+00,1.313823416991710236e+00,2.500000000000000000e+01
2.712581543117375649e+00,1.316973241466080857e+00,1.315846092046429217e+00,2.500000000000000000e+01
2.722581543117375436e+00,1.318957678940791522e+00,1.317868767101147975e+00,2.500000000000000000e+01
2.732581543117375222e+00,1.320942116415502188e+00,1.319891442155866956e+00,2.500000000000000000e+01
2.742581543117375453e+00,1.322926553890213075e+00,1.321914117210585937e+00,2.500000000000000000e+01
2.752581543117375684e+00,1.324910991364923740e+00,1.323936792265304696e+00,2.500000000000000000e+01
2.762581543117375471e+00,1.326895428839634405e+00,1.325959467320023455e+00,2.500000000000000000e+01
2.772581543117375258e+00,1.328879866314345071e+00,1.327982142374742214e+00,2.500000000000000000e+01
2.782581543117375489e+00,1.330864303789055736e+00,1.330004817429461417e+00,2.500000000000000000e+01
2.792581543117375720e+00,1.332848741263766623e+00,1.331965747249420851e+00,2.500000000000000000e+01
